year,month,day,inflow_MG,outflow_MG,rof_temp_F,rof_EC,rof_pH,rof_turbidity,rof_TOC,rop_EC,rop_pH,rop_turbidity,rop_CO2,rop_TOC,ammonia,energy_kwh,date,month_num
2020,Jan,1,113.453,96.688,75.117,1653.91,6.9,0.105,7.407,28.873,5.493,0.057,63.544,0.039,,,2020-01-01,1.0
2020,Jan,2,112.984,96.094,75.036,1631.859,6.9,0.114,7.683,29.362,5.506,0.058,61.447,0.037,,,2020-01-02,1.0
2020,Jan,3,113.594,96.656,75.497,1707.416,6.9,0.09,7.842,30.181,5.434,0.056,72.693,0.043,,,2020-01-03,1.0
2020,Jan,4,114.141,97.125,75.286,1690.993,6.9,0.077,7.778,30.06,5.41,0.053,76.606,0.042,,,2020-01-04,1.0
2020,Jan,5,113.375,96.406,75.328,1653.706,6.9,0.081,7.973,28.544,5.404,0.055,77.625,0.04,,,2020-01-05,1.0
2020,Jan,6,111.547,94.969,75.538,1641.683,6.9,0.071,7.697,28.361,5.404,0.058,77.935,0.038,,,2020-01-06,1.0
2020,Jan,7,111.625,95.0,75.604,1738.214,6.9,0.072,7.876,30.247,5.398,0.058,78.676,0.045,,,2020-01-07,1.0
2020,Jan,8,112.641,95.813,75.326,1780.807,6.9,0.076,7.83,30.787,5.401,0.057,78.292,0.047,,,2020-01-08,1.0
2020,Jan,9,113.828,96.938,75.374,1787.676,6.9,0.074,7.674,30.585,5.405,0.056,77.688,0.042,,,2020-01-09,1.0
2020,Jan,10,117.625,99.969,75.168,1794.557,6.9,0.074,7.598,30.561,5.425,0.056,74.111,0.042,,,2020-01-10,1.0
2020,Jan,11,114.844,97.563,74.817,1756.299,6.9,0.08,7.616,29.707,5.452,0.054,69.427,0.04,,,2020-01-11,1.0
2020,Jan,12,114.031,96.844,74.868,1694.577,6.9,0.079,7.457,27.938,5.445,0.052,70.732,0.036,,,2020-01-12,1.0
2020,Jan,13,111.594,94.906,74.865,1675.442,6.9,0.082,7.588,28.243,5.453,0.056,69.523,0.036,,,2020-01-13,1.0
2020,Jan,14,111.75,95.063,74.83,1742.408,6.9,0.079,8.033,27.921,5.439,0.057,71.86,0.042,,,2020-01-14,1.0
2020,Jan,15,111.563,94.875,74.964,1752.739,6.9,0.076,7.879,28.917,5.439,0.055,71.539,0.042,,,2020-01-15,1.0
2020,Jan,16,114.219,97.156,74.941,1757.15,6.9,0.077,7.987,32.587,5.455,0.057,69.082,0.044,,,2020-01-16,1.0
2020,Jan,17,114.203,97.094,74.934,1778.907,6.9,0.077,8.124,30.861,5.447,0.06,70.301,0.044,,,2020-01-17,1.0
2020,Jan,18,112.469,95.781,74.929,1752.079,6.9,0.077,8.205,31.379,5.45,0.059,69.724,0.042,,,2020-01-18,1.0
2020,Jan,19,111.563,95.031,75.119,1680.183,6.9,0.08,7.925,29.722,5.446,0.057,70.251,0.038,,,2020-01-19,1.0
2020,Jan,20,111.453,94.938,75.105,1690.99,6.9,0.081,7.946,30.282,5.452,0.056,69.285,0.038,,,2020-01-20,1.0
2020,Jan,21,111.594,94.938,75.141,1728.122,6.9,0.076,8.293,29.831,5.446,0.055,70.379,0.044,,,2020-01-21,1.0
2020,Jan,22,110.344,93.813,75.212,1796.611,6.9,0.073,7.955,31.573,5.436,0.055,72.279,0.049,,,2020-01-22,1.0
2020,Jan,23,115.422,98.156,75.458,1780.544,6.9,0.075,7.935,32.346,5.445,0.054,70.832,0.044,,,2020-01-23,1.0
2020,Jan,24,113.406,96.406,75.444,1790.444,6.9,0.079,7.917,32.237,5.441,0.05,71.275,0.045,,,2020-01-24,1.0
2020,Jan,25,112.953,96.094,75.428,1760.126,6.9,0.08,8.009,31.759,5.442,0.042,71.156,0.047,,,2020-01-25,1.0
2020,Jan,26,112.875,95.906,74.932,1678.66,6.9,0.084,7.81,30.31,5.452,0.053,69.609,0.039,,,2020-01-26,1.0
2020,Jan,27,111.734,95.031,75.197,1610.578,6.9,0.086,7.896,29.132,5.456,0.042,69.006,0.035,,,2020-01-27,1.0
2020,Jan,28,111.656,94.875,75.497,1704.441,6.9,0.076,8.183,30.319,5.44,0.052,71.353,0.048,,,2020-01-28,1.0
2020,Jan,29,112.484,95.625,75.535,1747.727,6.9,0.079,8.067,31.637,5.436,0.057,72.125,0.045,,,2020-01-29,1.0
2020,Jan,30,112.672,95.781,75.366,1788.466,6.9,0.08,8.231,32.742,5.435,0.062,72.159,0.05,,,2020-01-30,1.0
2020,Jan,31,114.25,97.063,75.755,1799.975,6.9,0.079,7.905,34.22,5.412,0.061,76.016,0.047,,,2020-01-31,1.0
2020,Feb,1,114.094,97.094,76.0,1767.749,6.9,0.086,8.115,34.372,5.402,0.059,78.203,0.047,,,2020-02-01,2.0
2020,FEb,2,113.797,96.875,75.555,1683.231,6.9,0.093,7.934,32.925,5.411,0.052,76.201,0.042,,,2020-02-02,2.0
2020,Feb,3,111.641,95.0,74.67,1609.003,6.9,0.083,7.802,30.988,5.413,0.055,75.906,0.04,,,2020-02-03,2.0
2020,Feb,4,19.734,16.594,70.67,1679.767,6.886,0.109,8.555,57.706,6.047,0.054,28.075,0.046,,,2020-02-04,2.0
2020,Feb,5,33.984,28.844,70.81,1726.763,6.857,0.076,8.739,52.052,5.914,0.058,42.274,0.04,,,2020-02-05,2.0
2020,Feb,6,115.172,97.906,74.634,1773.508,6.9,0.085,8.139,33.99,5.387,0.06,80.9,0.041,,,2020-02-06,2.0
2020,Feb,7,117.578,100.0,75.064,1777.909,6.9,0.086,8.116,31.896,5.469,0.057,67.773,0.043,,,2020-02-07,2.0
2020,Feb,8,113.156,96.281,75.024,1716.132,6.9,0.095,8.22,30.936,5.53,0.056,58.066,0.042,,,2020-02-08,2.0
2020,Feb,9,111.922,95.094,74.436,1625.032,6.9,0.088,7.982,29.607,5.535,0.055,57.447,0.037,,,2020-02-09,2.0
2020,Feb,10,111.859,94.844,74.61,1553.813,6.9,0.07,8.108,28.585,5.535,0.055,57.26,0.037,,,2020-02-10,2.0
2020,Feb,11,111.656,94.969,75.072,1670.517,6.9,0.083,8.566,31.301,5.534,0.053,57.564,0.045,,,2020-02-11,2.0
2020,Feb,12,112.469,95.656,75.17,1746.116,6.9,0.088,8.521,32.568,5.527,0.054,58.531,0.044,,,2020-02-12,2.0
2020,Feb,13,115.797,98.531,75.234,1702.396,6.9,0.091,8.381,31.677,5.539,0.056,56.843,0.044,,,2020-02-13,2.0
2020,Feb,14,114.016,97.0,75.146,1702.662,6.9,0.093,8.402,30.996,5.512,0.049,60.534,0.041,,,2020-02-14,2.0
2020,Feb,15,114.625,97.375,75.181,1705.048,6.9,0.1,8.431,31.476,5.49,0.049,63.877,0.041,,,2020-02-15,2.0
2020,Feb,16,113.109,96.156,75.253,1633.938,6.9,0.102,8.353,30.208,5.5,0.042,62.253,0.038,,,2020-02-16,2.0
2020,Feb,17,111.813,94.969,75.227,1602.404,6.9,0.098,8.307,29.085,5.498,0.047,62.428,0.037,,,2020-02-17,2.0
2020,Feb,18,111.734,94.906,75.568,1686.219,6.9,0.098,9.053,29.635,5.484,0.038,64.447,0.049,,,2020-02-18,2.0
2020,Feb,19,110.438,93.938,75.845,1723.157,6.9,0.089,8.524,31.121,5.488,0.035,63.955,0.044,,,2020-02-19,2.0
2020,Feb,20,111.531,94.906,76.088,1701.922,6.9,0.089,8.56,30.91,5.489,0.034,63.973,0.045,,,2020-02-20,2.0
2020,Feb,21,112.906,95.938,75.989,1719.691,6.9,0.09,8.586,31.878,5.489,0.052,63.997,0.045,,,2020-02-21,2.0
2020,Feb,22,113.406,96.531,75.817,1693.477,6.9,0.086,8.316,31.174,5.48,0.061,65.088,0.043,,,2020-02-22,2.0
2020,Feb,23,111.672,94.938,75.558,1606.05,6.9,0.08,8.087,30.011,5.483,0.062,64.812,0.038,,,2020-02-23,2.0
2020,Feb,24,111.656,94.969,75.721,1570.332,6.9,0.085,8.142,29.381,5.478,0.059,65.405,0.038,,,2020-02-24,2.0
2020,Feb,25,109.313,92.813,76.009,1664.401,6.9,0.09,8.423,31.48,5.492,0.061,63.267,0.045,,,2020-02-25,2.0
2020,Feb,26,107.453,91.406,76.462,1740.167,6.9,0.123,8.694,31.94,5.486,0.061,64.314,0.047,,,2020-02-26,2.0
2020,Feb,27,106.719,90.625,76.487,1744.11,6.9,0.093,8.428,32.024,5.491,0.06,63.586,0.045,,,2020-02-27,2.0
2020,Feb,28,109.188,92.813,76.917,1764.966,6.9,0.115,8.195,32.973,5.489,0.063,63.82,0.046,,,2020-02-28,2.0
2020,Mar,1,109.594,93.168,75.542,1714.051,6.9,0.14,8.252,31.065,5.479,0.061,65.355,0.04,,,2020-03-01,3.0
2020,Mar,2,108.266,92.125,75.536,1653.656,6.9,0.118,8.183,28.861,5.488,0.06,64.026,0.04,,,2020-03-02,3.0
2020,Mar,3,109.938,93.406,76.006,1756.874,6.901,0.128,8.424,30.655,5.485,0.056,64.46,0.043,,,2020-03-03,3.0
2020,Mar,4,108.688,92.438,76.386,1777.28,6.9,0.137,8.474,32.422,5.487,0.056,64.153,0.045,,,2020-03-04,3.0
2020,Mar,5,101.125,86.063,76.604,1804.612,6.9,0.142,8.563,33.55,5.491,0.057,63.617,0.044,,,2020-03-05,3.0
2020,Mar,6,108.266,91.938,76.583,1844.31,6.9,0.113,8.87,32.948,5.469,0.053,66.871,0.043,,,2020-03-06,3.0
2020,Mar,7,109.219,92.969,76.345,1813.151,6.9,0.098,8.844,32.965,5.488,0.056,64.006,0.043,,,2020-03-07,3.0
2020,Mar,8,103.109,87.719,76.268,1706.617,6.9,0.089,8.76,30.208,5.489,0.07,63.898,0.046,,,2020-03-08,3.0
2020,Mar,9,109.109,92.781,76.223,1628.531,6.9,0.082,9.043,27.862,5.492,0.068,63.429,0.044,,,2020-03-09,3.0
2020,Mar,10,103.828,88.125,76.294,1747.211,6.901,0.081,8.851,31.942,5.505,0.061,61.37,0.048,,,2020-03-10,3.0
2020,Mar,11,111.609,94.906,76.864,1825.611,6.9,0.074,8.946,33.047,5.503,0.063,62.106,0.047,,,2020-03-11,3.0
2020,Mar,12,112.234,95.438,76.388,1771.392,6.899,0.073,8.665,31.587,5.493,0.06,63.345,0.044,,,2020-03-12,3.0
2020,Mar,13,112.734,95.938,75.171,1644.881,6.9,0.091,8.023,30.183,5.552,0.057,56.027,0.04,,,2020-03-13,3.0
2020,Mar,14,110.063,93.625,75.351,1683.952,6.9,0.101,8.107,33.632,5.596,0.055,49.981,0.039,,,2020-03-14,3.0
2020,Mar,15,107.922,91.719,75.774,1635.061,6.9,0.096,7.954,32.313,5.587,0.054,51.076,0.038,,,2020-03-15,3.0
2020,Mar,16,107.297,91.219,75.492,1641.167,6.9,0.101,8.039,32.292,5.587,0.055,51.014,0.037,,,2020-03-16,3.0
2020,Mar,17,108.594,92.375,74.982,1779.224,6.9,0.105,8.266,35.692,5.593,0.059,50.312,0.042,,,2020-03-17,3.0
2020,Mar,18,109.656,93.25,74.947,1850.27,6.9,0.112,8.476,34.442,5.577,0.058,52.261,0.043,,,2020-03-18,3.0
2020,Mar,19,106.75,90.969,75.331,1844.171,6.9,0.11,8.285,34.08,5.574,0.057,52.537,0.041,,,2020-03-19,3.0
2020,Mar,20,108.375,92.281,75.333,1828.846,6.9,0.112,8.174,32.548,5.52,0.054,59.533,0.04,,,2020-03-20,3.0
2020,Mar,21,107.734,91.719,75.566,1760.643,6.9,0.108,8.14,30.628,5.485,0.056,64.558,0.039,,,2020-03-21,3.0
2020,Mar,22,105.609,89.906,75.595,1647.88,6.9,0.11,8.14,28.341,5.496,0.056,62.997,0.037,,,2020-03-22,3.0
2020,Mar,23,111.516,94.844,74.915,1570.819,6.9,0.105,7.954,26.555,5.49,0.053,63.845,0.034,,,2020-03-23,3.0
2020,Mar,24,111.422,94.781,74.92,1666.555,6.9,0.104,7.954,28.152,5.481,0.054,64.995,0.04,,,2020-03-24,3.0
2020,Mar,25,108.734,92.531,75.169,1690.851,6.9,0.103,7.722,28.949,5.487,0.054,64.177,0.038,,,2020-03-25,3.0
2020,Mar,26,111.641,95.0,75.024,1710.048,6.9,0.105,7.833,28.471,5.478,0.054,65.738,0.037,,,2020-03-26,3.0
2020,Mar,27,111.688,95.0,74.676,1705.258,6.9,0.101,7.654,29.575,5.545,0.054,57.669,0.038,,,2020-03-27,3.0
2020,Mar,28,110.813,94.375,75.205,1673.485,6.9,0.094,7.823,30.538,5.635,0.054,45.787,0.038,,,2020-03-28,3.0
2020,Mar,29,109.703,93.344,75.315,1620.189,6.9,0.092,7.776,29.051,5.626,0.056,46.647,0.033,,,2020-03-29,3.0
2020,Mar,30,111.625,95.0,75.72,1592.146,6.9,0.089,7.873,28.437,5.632,0.056,45.962,0.033,,,2020-03-30,3.0
2020,Mar,31,110.5,93.969,76.017,1645.89,6.9,0.083,7.931,29.362,5.631,0.058,46.19,0.038,,,2020-03-31,3.0
2020,Apr,1,108.641,92.375,76.198,1667.124,6.9,0.086,7.894,30.423,5.63,0.058,46.203,0.041,,,2020-04-01,4.0
2020,Apr,2,111.656,95.0,76.123,1655.194,6.9,0.086,7.918,29.914,5.636,0.057,45.739,0.04,,,2020-04-02,4.0
2020,Apr,3,112.172,95.5,76.128,1656.298,6.9,0.084,8.0,29.84,5.528,0.056,59.179,0.04,,,2020-04-03,4.0
2020,Apr,4,111.047,94.594,76.176,1636.068,6.9,0.085,8.061,28.67,5.461,0.059,68.435,0.038,,,2020-04-04,4.0
2020,Apr,5,108.109,91.969,75.839,1591.727,6.9,0.086,8.107,27.814,5.453,0.06,69.777,0.037,,,2020-04-05,4.0
2020,Apr,6,111.469,94.906,75.227,1560.25,6.9,0.084,7.913,26.768,5.452,0.059,69.722,0.033,,,2020-04-06,4.0
2020,Apr,7,111.031,94.5,75.002,1600.838,6.9,0.084,7.756,27.454,5.449,0.056,70.199,0.037,,,2020-04-07,4.0
2020,Apr,8,112.703,95.844,74.935,1644.85,6.9,0.082,7.76,27.292,5.442,0.058,71.315,0.036,,,2020-04-08,4.0
2020,Apr,9,112.094,95.406,74.594,1678.749,6.9,0.083,8.163,27.978,5.433,0.058,72.603,0.035,,,2020-04-09,4.0
2020,Apr,10,110.453,94.094,74.012,1628.75,6.9,0.081,7.292,25.859,5.425,0.0555,73.75,0.034,,,2020-04-10,4.0
2020,Apr,11,109.047,92.813,74.701,1713.953,6.9,0.072,7.552,27.636,5.42,0.052,74.938,0.036,,,2020-04-11,4.0
2020,Apr,12,111.656,95.031,75.112,1714.29,6.9,0.076,7.5,28.819,5.417,0.046,75.6666,0.036,,,2020-04-12,4.0
2020,Apr,13,111.469,94.906,75.15,1690.618,6.9,0.078,7.344,29.23,5.433,0.039,72.804,0.033,,,2020-04-13,4.0
2020,Apr,14,111.656,95.0,76.002,1789.499,6.9,0.077,7.516,30.545,5.437,0.046,72.124,0.038,,,2020-04-14,4.0
2020,Apr,15,110.297,93.938,76.664,1834.761,6.9,0.082,7.632,31.731,5.443,0.051,70.95,0.039,,,2020-04-15,4.0
2020,Apr,16,112.203,95.438,76.473,1876.663,6.9,0.095,7.741,32.22,5.443,0.049,71.015,0.04,,,2020-04-16,4.0
2020,Apr,17,110.141,93.75,76.249,1902.262,6.9,0.091,7.629,33.746,5.395,0.044,79.325,0.039,,,2020-04-17,4.0
2020,Apr,18,108.484,92.313,76.532,1892.798,6.9,0.086,7.561,33.722,5.356,0.051,86.661,0.039,,,2020-04-18,4.0
2020,Apr,19,108.938,92.688,76.354,1829.844,6.9,0.083,7.605,32.401,5.356,0.053,87.017,0.039,,,2020-04-19,4.0
2020,Apr,20,108.063,91.938,76.337,1737.785,6.9,0.083,7.449,31.044,5.363,0.051,85.776,0.037,,,2020-04-20,4.0
2020,Apr,21,86.391,73.406,76.86,1819.122,6.9,0.083,7.639,33.181,5.361,0.048,85.697,0.043,,,2020-04-21,4.0
2020,Apr,22,71.078,60.313,77.38,1843.42,6.9,0.079,7.504,35.422,5.364,0.05,85.129,0.047,,,2020-04-22,4.0
2020,Apr,23,56.078,47.75,77.889,1853.016,6.9,0.078,7.563,36.59,5.37,0.049,83.757,0.046,,,2020-04-23,4.0
2020,Apr,24,33.656,28.813,78.367,1866.038,6.9,0.082,7.957,36.176,5.316,0.05,95.945,0.047,,,2020-04-24,4.0
2020,Apr,25,24.641,20.875,78.202,1856.952,6.899,0.082,7.937,36.321,5.23,0.048,116.085,0.048,,,2020-04-25,4.0
2020,Apr,26,20.5,17.313,77.971,1773.79,6.852,0.09,7.965,35.123,5.213,0.052,120.562,0.047,,,2020-04-26,4.0
2020,Apr,27,0.031,0.0,,,,,,,,,,,,,2020-04-27,4.0
2020,Apr,28,0.0,0.0,,,,,,,,,,,,,2020-04-28,4.0
2020,Apr,29,0.0,0.0,,,,,,,,,,,,,2020-04-29,4.0
2020,Apr,30,0.0,0.0,,,,,,,,,,,,,2020-04-30,4.0
2020,May,1,0.0,0.0,,,,,,,,,,,,,2020-05-01,5.0
2020,May,2,0.0,0.0,,,,,,,,,,,,,2020-05-02,5.0
2020,May,3,0.0,0.0,,,,,,,,,,,,,2020-05-03,5.0
2020,May,4,0.0,0.0,,,,,,,,,,,,,2020-05-04,5.0
2020,May,5,0.0,0.0,,,,,,,,,,,,,2020-05-05,5.0
2020,May,6,0.0,0.0,,,,,,,,,,,,,2020-05-06,5.0
2020,May,7,0.0,0.0,,,,,,,,,,,,,2020-05-07,5.0
2020,May,8,0.0,0.0,,,,,,,,,,,,,2020-05-08,5.0
2020,May,9,0.0,0.0,,,,,,,,,,,,,2020-05-09,5.0
2020,May,10,0.0,0.0,,,,,,,,,,,,,2020-05-10,5.0
2020,May,11,19.906,12.063,,,,,,,,,,,,,2020-05-11,5.0
2020,May,12,63.125,53.656,78.96,1781.811,6.9,0.151,7.664,37.968,5.258,0.045,108.463,0.052,,,2020-05-12,5.0
2020,May,13,89.922,76.375,79.324,1839.82,6.9,0.14,7.643,38.849,5.268,0.072,105.7754,0.05,,,2020-05-13,5.0
2020,May,14,112.922,96.094,79.655,1839.796,6.9,0.137,7.684,36.373,5.27,0.077,105.909,0.048,,,2020-05-14,5.0
2020,May,15,112.375,95.5,79.472,1820.666,6.9,0.126,7.789,35.927,5.308,0.077,97.591,0.05,,,2020-05-15,5.0
2020,May,16,111.813,95.0,79.828,1761.419,6.9,0.12,7.663,34.139,5.331,0.081,91.9,0.047,,,2020-05-16,5.0
2020,May,17,105.969,90.031,79.627,1682.092,6.9,0.12,7.441,33.523,5.34,0.084,90.511,0.043,,,2020-05-17,5.0
2020,May,18,109.844,93.375,79.195,1626.319,6.9,0.115,7.492,31.892,5.338,0.088,90.469,0.041,,,2020-05-18,5.0
2020,May,19,111.672,95.0,79.075,1781.732,6.9,0.098,7.782,34.103,5.329,0.091,92.345,0.046,,,2020-05-19,5.0
2020,May,20,110.203,93.844,79.353,1817.517,6.9,0.101,7.588,35.197,5.337,0.092,91.146,0.047,,,2020-05-20,5.0
2020,May,21,113.469,96.625,79.828,1819.908,6.899,0.103,7.436,35.148,5.45,0.092,72.397,0.045,,,2020-05-21,5.0
2020,May,22,111.734,95.094,79.641,1786.698,6.9,0.105,7.289,34.205,5.515,0.094,60.344,0.045,,,2020-05-22,5.0
2020,May,23,108.984,92.781,79.347,1736.23,6.9,0.113,7.269,34.235,5.512,0.096,60.639,0.044,,,2020-05-23,5.0
2020,May,24,106.047,90.375,79.709,1651.424,6.9,0.109,7.118,34.297,5.524,0.097,59.135,0.043,,,2020-05-24,5.0
2020,May,25,105.953,90.156,79.925,1623.035,6.9,0.112,7.099,34.355,5.535,0.094,57.949,0.041,,,2020-05-25,5.0
2020,May,26,107.703,91.688,80.122,1624.34,6.9,0.111,7.435,36.602,5.55,0.096,55.739,0.045,,,2020-05-26,5.0
2020,May,27,109.969,93.594,80.182,1763.359,6.9,0.105,7.537,38.095,5.527,0.081,58.568,0.055,,,2020-05-27,5.0
2020,May,28,110.422,93.969,80.202,1818.774,6.9,0.112,7.433,39.802,5.527,0.04,58.681,0.052,,,2020-05-28,5.0
2020,May,29,108.313,92.063,80.13,1828.034,6.9,0.116,7.436,40.282,5.543,0.012,56.867,0.052,,,2020-05-29,5.0
2020,May,30,106.906,90.938,80.205,1749.083,6.9,0.109,7.293,39.004,5.557,0.011,55.067,0.06,,,2020-05-30,5.0
2020,May,31,105.906,90.188,80.112,1647.157,6.9,0.114,7.38,36.368,5.561,0.011,54.382,0.052,,,2020-05-31,5.0
2020,Jun,1,104.797,89.188,80.414,1611.541,6.9,0.11,7.769,36.835,5.572,0.011,52.902,0.056,,,2020-06-01,6.0
2020,Jun,2,107.063,91.188,80.621,1753.043,6.9,0.105,7.959,39.458,5.569,0.011,53.324,0.062,,,2020-06-02,6.0
2020,Jun,3,109.094,92.969,81.229,1804.902,6.9,0.101,7.849,40.634,5.568,0.011,53.569,0.065,,,2020-06-03,6.0
2020,Jun,4,107.297,91.438,80.688,1851.574,6.9,0.11,7.755,41.754,5.544,0.011,56.304,0.066,,,2020-06-04,6.0
2020,Jun,5,109.172,92.906,80.744,1815.548,6.9,0.107,7.369,39.73,5.494,0.011,63.207,0.057,,,2020-06-05,6.0
2020,Jun,6,108.734,92.594,80.83,1725.975,6.9,0.101,7.053,37.444,5.405,0.011,77.956,0.053,,,2020-06-06,6.0
2020,Jun,7,103.688,88.344,80.732,1636.694,6.9,0.111,7.009,36.726,5.42,0.011,75.086,0.053,,,2020-06-07,6.0
2020,Jun,8,106.0,90.25,80.87,1627.877,6.9,0.106,7.052,35.223,5.421,0.011,75.066,0.049,,,2020-06-08,6.0
2020,Jun,9,107.875,91.906,81.467,1714.335,6.9,0.078,7.116,36.796,5.422,0.011,74.887,0.058,,,2020-06-09,6.0
2020,Jun,10,109.578,93.344,81.701,1783.389,6.9,0.063,7.08,39.354,5.424,0.011,74.71,0.064,,,2020-06-10,6.0
2020,Jun,11,110.922,94.438,81.816,1827.392,6.9,0.078,7.222,40.672,5.421,0.011,75.018,0.059,,,2020-06-11,6.0
2020,Jun,12,111.234,94.781,81.402,1799.556,6.9,0.108,7.416,42.856,5.483,0.011,66.313,0.058,,,2020-06-12,6.0
2020,Jun,13,107.359,91.5,81.216,1700.277,6.9,0.162,7.462,42.641,5.522,0.011,59.557,0.057,,,2020-06-13,6.0
2020,Jun,14,104.391,89.031,81.294,1629.413,6.9,0.183,7.441,39.761,5.533,0.011,57.873,0.053,,,2020-06-14,6.0
2020,Jun,15,106.656,91.0,81.271,1613.326,6.9,0.185,7.551,39.243,5.526,0.011,59.154,0.053,,,2020-06-15,6.0
2020,Jun,16,109.25,93.094,81.293,1681.518,6.9,0.171,7.643,41.447,5.52,0.011,59.875,0.059,,,2020-06-16,6.0
2020,Jun,17,109.828,93.656,81.373,1750.918,6.9,0.175,7.622,45.097,5.522,0.011,59.626,0.063,,,2020-06-17,6.0
2020,Jun,18,108.781,92.719,81.203,1783.359,6.9,0.16,7.003,45.281,5.504,0.011,61.947,0.065,,,2020-06-18,6.0
2020,Jun,19,111.328,94.969,81.553,1774.305,6.9,0.167,7.105,41.222,5.507,0.019,61.748,0.06,,,2020-06-19,6.0
2020,Jun,20,106.703,90.938,81.456,1746.957,6.9,0.19,7.178,39.652,5.524,0.011,59.133,0.062,,,2020-06-20,6.0
2020,Jun,21,104.188,88.625,81.484,1655.474,6.9,0.168,6.922,38.288,5.526,0.011,59.058,0.066,,,2020-06-21,6.0
2020,Jun,22,104.094,88.531,81.874,1613.038,6.9,0.166,7.271,37.606,5.528,0.011,59.032,0.062,,,2020-06-22,6.0
2020,Jun,23,109.766,93.438,81.725,1672.553,6.9,0.084,7.631,38.358,5.531,0.011,58.484,0.07,,,2020-06-23,6.0
2020,Jun,24,110.625,94.125,81.992,1731.912,6.9,0.026,7.738,39.119,5.512,0.011,60.724,0.069,,,2020-06-24,6.0
2020,Jun,25,109.891,93.406,81.942,1810.155,6.9,0.026,7.832,41.168,5.506,0.011,61.564,0.069,,,2020-06-25,6.0
2020,Jun,26,112.25,95.5,82.143,1797.002,6.9,0.03,7.668,41.007,5.529,0.011,58.958,0.069,,,2020-06-26,6.0
2020,Jun,27,106.734,90.656,82.054,1708.957,6.9,0.026,7.377,39.133,5.56,0.011,54.353,0.066,,,2020-06-27,6.0
2020,Jun,28,107.109,91.094,81.955,1605.463,6.9,0.025,7.096,36.277,5.556,0.011,55.072,0.062,,,2020-06-28,6.0
2020,Jun,29,106.922,90.844,81.518,1613.669,6.9,0.025,7.364,37.419,5.562,0.011,55.953,0.067,,,2020-06-29,6.0
2020,Jun,30,108.203,92.188,81.736,1688.058,6.9,0.025,7.705,37.372,5.555,0.011,55.17,0.066,,,2020-06-30,6.0
2020,Jul,1,111.188,94.594,81.875,1776.515,6.9,0.026,7.674,40.35,5.552,0.011,55.434,0.07,,,2020-07-01,7.0
2020,Jul,2,111.25,94.531,82.082,1822.598,6.9,0.029,7.815,41.446,5.529,0.011,58.524,0.061,,,2020-07-02,7.0
2020,Jul,3,110.125,93.469,82.182,1756.3,6.9,0.024,7.676,39.655,5.514,0.011,60.665,0.056,,,2020-07-03,7.0
2020,Jul,4,107.313,91.188,82.43,1664.908,6.9,0.023,6.938,37.639,5.514,0.011,60.585,0.054,,,2020-07-04,7.0
2020,Jul,5,104.578,88.75,82.611,1608.999,6.9,0.022,6.656,37.352,5.525,0.011,59.008,0.056,,,2020-07-05,7.0
2020,Jul,6,109.359,92.906,82.507,1620.487,6.9,0.023,7.264,37.015,5.531,0.011,58.335,0.061,,,2020-07-06,7.0
2020,Jul,7,112.672,95.813,82.725,1692.693,6.9,0.023,7.715,37.641,5.52,0.011,59.875,0.072,,,2020-07-07,7.0
2020,Jul,8,111.047,94.375,82.84,1795.097,6.9,0.023,7.789,41.031,5.514,0.011,60.584,0.071,,,2020-07-08,7.0
2020,Jul,9,108.359,91.938,82.902,1816.003,6.9,0.025,7.892,41.447,5.505,0.011,61.684,0.064,,,2020-07-09,7.0
2020,Jul,10,112.031,95.0,83.032,1784.343,6.9,0.024,7.672,39.76,5.511,0.011,61.024,0.066,,,2020-07-10,7.0
2020,Jul,11,111.906,95.031,83.38,1733.712,6.9,0.023,7.506,39.057,5.522,0.011,59.687,0.07,,,2020-07-11,7.0
2020,Jul,12,107.828,91.375,83.494,1681.712,6.9,0.023,7.318,38.517,5.528,0.011,58.829,0.067,,,2020-07-12,7.0
2020,Jul,13,107.391,91.094,83.299,1650.299,6.9,0.023,7.691,37.941,5.536,0.011,57.71,0.068,,,2020-07-13,7.0
2020,Jul,14,111.625,94.719,83.458,1734.674,6.9,0.023,7.974,39.635,5.527,0.011,58.851,0.073,,,2020-07-14,7.0
2020,Jul,15,110.5,93.75,83.278,1773.524,6.9,0.024,8.137,40.851,5.533,0.011,58.148,0.074,,,2020-07-15,7.0
2020,Jul,16,113.156,96.125,83.267,1792.961,6.9,0.023,7.973,41.223,5.519,0.011,59.78,0.064,,,2020-07-16,7.0
2020,Jul,17,109.203,92.781,83.221,1788.192,6.9,0.022,7.895,41.422,5.537,0.011,57.705,0.06,,,2020-07-17,7.0
2020,Jul,18,108.734,92.219,83.279,1734.943,6.9,0.022,7.751,39.717,5.53,0.011,58.401,0.058,,,2020-07-18,7.0
2020,Jul,19,106.578,90.438,82.988,1645.083,6.9,0.022,7.644,37.938,5.525,0.011,59.283,0.055,,,2020-07-19,7.0
2020,Jul,20,108.469,92.031,82.823,1600.25,6.9,0.022,8.561,36.793,5.536,0.011,57.895,0.055,,,2020-07-20,7.0
2020,Jul,21,107.266,91.031,82.916,1717.906,6.9,0.023,8.146,39.629,5.537,0.011,57.61,0.064,,,2020-07-21,7.0
2020,Jul,22,110.344,93.594,82.868,1777.977,6.9,0.022,8.154,41.147,5.523,0.011,59.46,0.062,,,2020-07-22,7.0
2020,Jul,23,105.625,89.563,82.781,1797.447,6.9,0.023,8.043,42.049,5.521,0.011,59.648,0.065,,,2020-07-23,7.0
2020,Jul,24,86.656,73.531,82.894,1781.224,6.895,0.023,7.769,40.3,5.597,0.068,52.632,0.073,,,2020-07-24,7.0
2020,Jul,25,108.781,92.313,82.963,1769.866,6.9,0.023,7.92,35.473,5.565,0.077,54.015,0.061,,,2020-07-25,7.0
2020,Jul,26,105.094,89.25,82.826,1674.251,6.9,0.022,7.761,33.676,5.574,0.027,52.759,0.055,,,2020-07-26,7.0
2020,Jul,27,105.109,89.25,82.656,1658.036,6.9,0.023,7.928,33.313,5.586,0.04,51.589,0.055,,,2020-07-27,7.0
2020,Jul,28,109.469,92.969,82.721,1733.106,6.9,0.023,8.143,33.89,5.567,0.043,53.652,0.061,,,2020-07-28,7.0
2020,Jul,29,109.078,92.594,82.988,1780.379,6.9,0.023,8.049,34.783,5.562,0.041,54.346,0.062,,,2020-07-29,7.0
2020,Jul,30,106.922,90.688,83.009,1766.646,6.9,0.0233,8.013,35.049,5.574,0.019,52.855,0.061,,,2020-07-30,7.0
2020,Jul,31,108.531,92.094,83.213,1755.582,6.9,0.021,7.603,37.344,5.448,0.011,71.112,0.059,,,2020-07-31,7.0
2020,Aug,1,108.141,91.813,83.283,1741.484,6.9,0.02,7.669,38.99,5.357,0.011,87.24,0.059,,,2020-08-01,8.0
2020,Aug,2,105.875,89.813,83.358,1660.399,6.9,0.02,7.52,37.912,5.349,0.011,88.918,0.054,,,2020-08-02,8.0
2020,Aug,3,106.0,89.906,83.16,1632.75,6.9,0.02,7.676,37.218,5.365,0.011,85.879,0.056,,,2020-08-03,8.0
2020,Aug,4,108.125,91.938,83.278,1721.572,6.9,0.02,8.42,39.001,5.388,0.011,81.919,0.062,,,2020-08-04,8.0
2020,Aug,5,110.094,93.563,83.528,1761.107,6.9,0.02,8.812,39.262,5.401,0.011,78.625,0.062,,,2020-08-05,8.0
2020,Aug,6,104.453,88.719,83.179,1813.432,6.9,0.021,8.355,42.974,5.396,0.011,79.433,0.064,,,2020-08-06,8.0
2020,Aug,7,110.438,93.813,83.339,1774.07,6.9,0.02,8.282,40.49,5.53,0.011,61.013,0.064,,,2020-08-07,8.0
2020,Aug,8,105.469,89.781,83.332,1723.965,6.9,0.019,8.32,41.746,5.613,0.011,48.149,0.062,,,2020-08-08,8.0
2020,Aug,9,103.438,87.938,83.349,1662.372,6.9,0.019,8.614,40.245,5.61,0.011,48.664,0.057,,,2020-08-09,8.0
2020,Aug,10,105.422,89.625,83.15,1629.492,6.9,0.019,8.71,39.75,5.617,0.011,47.911,0.057,,,2020-08-10,8.0
2020,Aug,11,106.859,90.875,83.282,1741.823,6.9,0.02,8.783,42.009,5.612,0.011,48.309,0.063,,,2020-08-11,8.0
2020,Aug,12,107.313,91.188,83.413,1779.621,6.9,0.02,9.714,42.602,5.628,0.011,46.529,0.127,,,2020-08-12,8.0
2020,Aug,13,107.578,91.469,83.849,1789.126,6.9,0.02,8.959,43.352,5.64,0.011,45.447,0.083,,,2020-08-13,8.0
2020,Aug,14,90.047,76.406,84.055,1772.052,6.899,0.02,7.768,42.443,5.749,0.011,37.056,0.061,,,2020-08-14,8.0
2020,Aug,15,38.0,32.219,83.994,1676.466,6.882,0.019,7.4,42.688,5.782,0.015,33.157,0.047,,,2020-08-15,8.0
2020,Aug,16,93.797,79.594,84.32,1584.804,6.918,0.018,7.456,37.981,5.816,0.011,31.884,0.059,,,2020-08-16,8.0
2020,Aug,17,84.344,71.594,84.233,1556.788,6.885,0.018,7.47,38.124,5.729,0.011,41.1,0.057,,,2020-08-17,8.0
2020,Aug,18,76.359,64.656,84.743,1653.664,6.872,0.019,7.593,40.228,5.342,0.011,180.706,0.067,,,2020-08-18,8.0
2020,Aug,19,99.625,84.625,84.928,1707.877,6.9,0.019,7.847,43.858,5.542,0.011,128.418,0.066,,,2020-08-19,8.0
2020,Aug,20,102.047,86.656,84.949,1738.843,6.9,0.02,7.893,43.305,5.662,0.012,43.751,0.064,,,2020-08-20,8.0
2020,Aug,21,107.063,90.969,84.909,1715.856,6.899,0.019,8.445,42.662,5.59,0.011,51.138,0.06,,,2020-08-21,8.0
2020,Aug,22,104.672,88.906,85.168,1698.063,6.9,0.019,8.236,42.35,5.853,0.011,37.049,0.059,,,2020-08-22,8.0
2020,Aug,23,106.875,90.781,85.123,1630.004,6.9,0.018,7.483,40.286,6.038,0.011,32.312,0.056,,,2020-08-23,8.0
2020,Aug,24,106.844,90.656,84.895,1599.452,6.9,0.019,7.725,39.732,5.666,0.011,43.495,0.056,,,2020-08-24,8.0
2020,Aug,25,105.984,90.031,84.904,1683.33,6.9,0.019,8.006,41.894,5.547,0.011,56.042,0.062,,,2020-08-25,8.0
2020,Aug,26,107.203,91.125,84.912,1744.684,6.9,0.02,8.119,43.156,5.483,0.011,65.096,0.063,,,2020-08-26,8.0
2020,Aug,27,107.391,91.25,84.896,1721.505,6.9,0.019,8.139,41.668,5.488,0.011,64.146,0.073,,,2020-08-27,8.0
2020,Aug,28,107.828,91.563,84.633,1706.283,6.9,0.019,8.174,40.504,5.493,0.011,63.708,0.077,,,2020-08-28,8.0
2020,Aug,29,106.703,90.594,84.151,1677.714,6.9,0.019,8.036,39.247,5.51,0.011,60.774,0.069,,,2020-08-29,8.0
2020,Aug,30,52.453,44.344,84.1,1583.651,6.913,0.021,7.54,43.7233,5.5717,0.0115,54.923,0.065,,,2020-08-30,8.0
2020,Aug,31,0.0,0.0,0.0,0.0,0.0,0.0,0.0,0.0,0.0,0.0,0.0,0.0,,,2020-08-31,8.0
2020,Sep,1,46.375,39.375,83.8,1725.0,6.9,0.02,7.8,42.3,5.55,0.028,33.583,0.043,,,2020-09-01,9.0
2020,Sep,2,107.344,91.344,84.114,1710.35,6.9,0.017,7.927,38.601,5.499,0.011,62.353,0.068,,,2020-09-02,9.0
2020,Sep,3,103.844,88.344,84.239,1712.135,6.899,0.017,7.771,39.871,5.51,0.011,61.063,0.066,,,2020-09-03,9.0
2020,Sep,4,107.156,91.156,84.673,1717.797,6.9,0.018,7.616,39.936,5.497,0.011,62.627,0.062,,,2020-09-04,9.0
2020,Sep,5,86.828,73.688,84.99,1702.452,6.9,0.017,7.423,39.727,5.486,0.011,65.031,0.065,,,2020-09-05,9.0
2020,Sep,6,77.922,66.0,85.219,1609.897,6.882,0.017,7.116,38.857,5.464,0.011,68.55,0.06,,,2020-09-06,9.0
2020,Sep,7,95.781,81.313,84.601,1549.299,6.9,0.017,7.261,37.678,5.491,0.011,63.759,0.056,,,2020-09-07,9.0
2020,Sep,8,100.281,85.188,84.365,1536.312,6.9,0.018,7.667,35.834,5.508,0.011,61.388,0.056,,,2020-09-08,9.0
2020,Sep,9,100.891,85.688,84.336,1667.724,6.9,0.019,8.64,38.57,5.5,0.011,62.568,0.064,,,2020-09-09,9.0
2020,Sep,10,99.078,84.281,84.509,1741.674,6.9,0.018,7.852,39.71,5.487,0.011,64.374,0.063,,,2020-09-10,9.0
2020,Sep,11,105.766,89.969,84.268,1699.163,6.9,0.018,7.666,37.778,5.497,0.011,62.87,0.061,,,2020-09-11,9.0
2020,Sep,12,105.781,89.813,83.922,1672.421,6.9,0.018,7.56,39.565,5.521,0.011,62.565,0.062,,,2020-09-12,9.0
2020,Sep,13,104.219,88.688,83.938,1613.802,6.9,0.017,7.503,37.707,5.52,0.011,59.795,0.06,,,2020-09-13,9.0
2020,Sep,14,103.797,88.313,83.84,1560.574,6.9,0.018,6.851,36.424,5.531,0.011,58.245,0.061,,,2020-09-14,9.0
2020,Sep,15,105.313,89.719,84.036,1645.432,6.901,0.018,7.186,38.664,5.53,0.011,58.346,0.066,,,2020-09-15,9.0
2020,Sep,16,107.75,91.875,84.255,1744.233,6.9,0.018,7.159,41.164,5.511,0.011,60.0,0.068,,,2020-09-16,9.0
2020,Sep,17,107.563,91.656,84.413,1748.695,6.9,0.019,7.733,42.745,5.545,0.011,56.734,0.069,,,2020-09-17,9.0
2020,Sep,18,105.531,89.969,84.174,1734.459,6.899,0.019,7.796,41.631,5.526,0.011,58.721,0.065,,,2020-09-18,9.0
2020,Sep,19,105.438,89.938,83.943,1692.686,6.9,0.018,7.978,40.35,5.491,0.011,63.884,0.065,,,2020-09-19,9.0
2020,Sep,20,103.563,88.25,83.768,1630.734,6.9,0.017,7.762,40.41,5.493,0.012,63.327,0.065,,,2020-09-20,9.0
2020,Sep,21,103.938,88.563,83.464,1586.7,6.9,0.017,7.935,38.456,5.508,0.011,61.137,0.062,,,2020-09-21,9.0
2020,Sep,22,105.719,90.0,83.656,1685.405,6.9,0.018,8.26,41.315,5.509,0.011,61.287,0.069,,,2020-09-22,9.0
2020,Sep,23,106.594,90.75,83.864,1687.773,6.9,0.018,8.139,41.26,5.517,0.013,60.063,0.068,,,2020-09-23,9.0
2020,Sep,24,111.328,94.844,84.034,1703.993,6.9,0.018,8.154,41.2,5.513,0.011,60.5,0.07,,,2020-09-24,9.0
2020,Sep,25,110.391,93.969,83.849,1707.729,6.9,0.018,7.986,40.561,5.533,0.011,58.222,0.065,,,2020-09-25,9.0
2020,Sep,26,106.75,90.844,83.879,1669.746,6.9,0.017,7.88,38.84,5.527,0.011,58.547,0.064,,,2020-09-26,9.0
2020,Sep,27,105.547,89.813,83.699,1578.372,6.9,0.017,7.637,36.097,5.527,0.011,58.591,0.06,,,2020-09-27,9.0
2020,Sep,28,105.594,89.969,83.92,1542.939,6.9,0.017,7.84,35.709,5.54,0.011,57.164,0.06,,,2020-09-28,9.0
2020,Sep,29,105.578,90.031,84.142,1648.165,6.9,0.017,8.062,37.782,5.528,0.011,58.876,0.067,,,2020-09-29,9.0
2020,Sep,30,108.219,92.188,84.648,1697.26,6.9,0.017,8.147,38.454,5.513,0.011,60.829,0.068,,,2020-09-30,9.0
2020,Oct,1,108.422,92.313,84.67,1725.224,6.9,0.017,8.261,39.532,5.502,0.011,62.384,0.069,,,2020-10-01,10.0
2020,Oct,2,105.703,90.0,84.514,1718.718,6.9,0.018,7.96,42.344,5.49,0.013,63.543,0.066,,,2020-10-02,10.0
2020,Oct,3,108.188,92.125,84.489,1683.597,6.9,0.018,8.143,42.396,5.454,0.012,69.43,0.062,,,2020-10-03,10.0
2020,Oct,4,106.25,90.438,84.444,1613.145,6.9,0.017,8.013,40.877,5.464,0.011,67.75,0.058,,,2020-10-04,10.0
2020,Oct,5,105.578,89.969,84.289,1570.107,6.9,0.017,8.15,39.448,5.494,0.011,63.253,0.073,,,2020-10-05,10.0
2020,Oct,6,105.563,89.969,84.239,1654.601,6.9,0.018,8.277,41.476,5.489,0.011,64.04,0.069,,,2020-10-06,10.0
2020,Oct,7,106.609,90.938,84.025,1686.888,6.9,0.018,8.407,41.829,5.479,0.011,65.475,0.067,,,2020-10-07,10.0
2020,Oct,8,107.156,91.344,83.804,1677.452,6.9,0.018,8.416,40.219,5.491,0.011,63.795,0.069,,,2020-10-08,10.0
2020,Oct,9,105.531,90.031,83.931,1654.6,6.901,0.018,8.423,37.479,5.541,0.011,56.979,0.07,,,2020-10-09,10.0
2020,Oct,10,104.688,89.25,83.385,1655.918,6.905,0.018,8.316,36.217,5.563,0.011,53.871,0.068,,,2020-10-10,10.0
2020,Oct,11,105.313,89.844,83.394,1592.332,6.901,0.017,8.072,34.209,5.556,0.011,54.633,0.062,,,2020-10-11,10.0
2020,Oct,12,106.578,90.906,83.698,1552.142,6.9,0.017,8.08,33.311,5.57,0.011,53.136,0.058,,,2020-10-12,10.0
2020,Oct,13,111.375,95.0,84.008,1629.982,6.9,0.018,8.081,34.778,5.555,0.011,54.914,0.062,,,2020-10-13,10.0
2020,Oct,14,107.203,91.438,84.027,1689.175,6.9,0.018,7.901,36.496,5.543,0.011,56.521,0.067,,,2020-10-14,10.0
2020,Oct,15,108.594,92.594,84.122,1666.203,6.9,0.018,7.76,36.442,5.56,0.011,54.242,0.065,,,2020-10-15,10.0
2020,Oct,16,111.344,95.031,84.177,1680.757,6.9,0.018,7.581,35.979,5.497,0.011,62.635,0.063,,,2020-10-16,10.0
2020,Oct,17,107.844,91.906,83.963,1659.47,6.9,0.018,7.491,35.602,5.442,0.011,71.397,0.067,,,2020-10-17,10.0
2020,Oct,18,105.688,89.938,83.865,1566.264,6.9,0.017,7.323,33.193,5.435,0.011,72.267,0.06,,,2020-10-18,10.0
2020,Oct,19,105.625,89.969,83.684,1554.362,6.9,0.018,7.75,32.843,5.451,0.022,69.751,0.057,,,2020-10-19,10.0
2020,Oct,20,105.297,89.438,83.753,1655.367,6.9,0.017,7.723,34.138,5.437,0.033,72.226,0.063,,,2020-10-20,10.0
2020,Oct,21,105.516,89.688,83.708,1708.165,6.9,0.019,7.742,34.174,5.454,0.028,69.532,0.064,,,2020-10-21,10.0
2020,Oct,22,106.906,90.938,83.38,1697.3,6.9,0.017,7.684,33.336,5.471,0.025,66.571,0.065,,,2020-10-22,10.0
2020,Oct,23,111.328,94.844,83.098,1698.499,6.901,0.018,7.689,33.415,5.5,0.023,63.02,0.061,,,2020-10-23,10.0
2020,Oct,24,107.906,91.875,82.793,1678.314,6.9,0.017,7.671,33.138,5.531,0.027,58.142,0.06,,,2020-10-24,10.0
2020,Oct,25,105.625,90.031,82.346,1608.79,6.9,0.017,7.571,31.179,5.522,0.027,59.556,0.058,,,2020-10-25,10.0
2020,Oct,26,105.594,90.0,81.149,1590.912,6.9,0.017,7.77,30.037,5.502,0.027,62.334,0.055,,,2020-10-26,10.0
2020,Oct,27,109.375,93.094,81.225,1641.696,6.9,0.018,8.164,30.801,5.526,0.026,58.704,0.059,,,2020-10-27,10.0
2020,Oct,28,110.281,93.875,81.677,1710.356,6.9,0.018,8.654,32.26,5.531,0.029,58.361,0.061,,,2020-10-28,10.0
2020,Oct,29,101.391,86.125,82.073,1711.935,6.9,0.019,8.884,33.895,5.534,0.026,57.903,0.073,,,2020-10-29,10.0
2020,Oct,30,110.859,94.375,82.135,1704.981,6.9,0.018,7.556,32.212,5.499,0.026,62.6,0.06,,,2020-10-30,10.0
2020,Oct,31,108.375,92.281,81.984,1697.476,6.9,0.018,7.461,31.991,5.483,0.027,64.889,0.062,,,2020-10-31,10.0
2020,Nov,1,109.078,92.969,82.17,1584.374,6.9,0.017,7.285,30.908,5.472,0.027,66.625,0.0605,,,2020-11-01,11.0
2020,Nov,2,96.953,82.406,81.973,1552.693,6.901,0.018,8.15,31.228,5.483,0.029,64.904,0.059,,,2020-11-02,11.0
2020,Nov,3,111.688,95.0,82.04,1670.528,6.9,0.018,8.15,31.728,5.468,0.038,66.974,0.062,,,2020-11-03,11.0
2020,Nov,4,111.734,95.0,82.039,1708.499,6.9,0.018,8.225,32.53,5.476,0.049,65.805,0.064,,,2020-11-04,11.0
2020,Nov,5,110.703,94.094,82.103,1696.178,6.9,0.018,8.254,32.481,5.49,0.037,64.186,0.063,,,2020-11-05,11.0
2020,Nov,6,103.063,87.563,81.579,1665.139,6.9,0.018,8.147,31.347,5.489,0.025,64.339,0.061,,,2020-11-06,11.0
2020,Nov,7,108.906,92.75,80.262,1679.395,6.9,0.017,8.501,30.369,5.482,0.025,65.057,0.062,,,2020-11-07,11.0
2020,Nov,8,105.297,89.563,79.409,1585.193,6.9,0.016,8.322,28.818,5.486,0.025,64.358,0.059,,,2020-11-08,11.0
2020,Nov,9,109.234,92.938,79.186,1567.655,6.9,0.018,8.282,28.947,5.521,0.025,59.587,0.056,,,2020-11-09,11.0
2020,Nov,10,111.688,95.0,79.583,1675.577,6.901,0.018,8.464,30.36,5.514,0.025,60.382,0.06,,,2020-11-10,11.0
2020,Nov,11,109.438,93.063,79.754,1722.168,6.9,0.018,8.362,30.921,5.514,0.025,60.386,0.062,,,2020-11-11,11.0
2020,Nov,12,109.031,92.719,79.656,1739.67,6.9,0.018,8.455,31.137,5.523,0.025,59.189,0.063,,,2020-11-12,11.0
2020,Nov,13,107.422,91.438,79.632,1720.584,6.9,0.018,8.346,30.997,5.506,0.025,61.402,0.061,,,2020-11-13,11.0
2020,Nov,14,109.641,93.281,79.354,1697.917,6.9,0.018,8.356,31.345,5.475,0.025,66.032,0.058,,,2020-11-14,11.0
2020,Nov,15,104.766,89.125,79.619,1604.156,6.9,0.017,8.098,29.675,5.481,0.025,65.137,0.057,,,2020-11-15,11.0
2020,Nov,16,109.047,92.75,79.811,1570.163,6.9,0.018,8.438,28.812,5.486,0.025,64.272,0.056,,,2020-11-16,11.0
2020,Nov,17,111.359,94.75,79.823,1690.125,6.9,0.018,8.736,30.613,5.455,0.025,68.998,0.065,,,2020-11-17,11.0
2020,Nov,18,110.125,93.688,79.519,1712.42,6.9,0.019,8.696,31.253,5.48,0.025,65.414,0.063,,,2020-11-18,11.0
2020,Nov,19,108.109,92.031,79.837,1725.71,6.9,0.019,8.829,31.596,5.478,0.025,65.657,0.062,,,2020-11-19,11.0
2020,Nov,20,108.375,92.125,79.659,1733.382,6.9,0.019,8.769,30.618,5.502,0.025,62.284,0.064,,,2020-11-20,11.0
2020,Nov,21,108.625,92.438,79.449,1714.381,6.9,0.019,8.754,30.542,5.479,0.025,65.417,0.062,,,2020-11-21,11.0
2020,Nov,22,107.828,91.719,79.192,1628.198,6.9,0.019,8.813,29.322,5.478,0.025,65.533,0.06,,,2020-11-22,11.0
2020,Nov,23,109.938,93.531,78.843,1593.51,6.901,0.019,8.988,28.801,5.496,0.025,62.968,0.058,,,2020-11-23,11.0
2020,Nov,24,111.078,94.469,78.841,1670.061,6.9,0.02,8.997,29.646,5.487,0.025,64.178,0.064,,,2020-11-24,11.0
2020,Nov,25,104.031,88.469,78.838,1727.925,6.9,0.02,8.978,30.783,5.477,0.025,65.877,0.056,,,2020-11-25,11.0
2020,Nov,26,107.484,91.469,78.435,1679.817,6.9,0.019,8.757,28.846,5.466,0.025,67.374,0.05,,,2020-11-26,11.0
2020,Nov,27,102.234,86.844,77.628,1610.774,6.9,0.018,8.072,27.655,5.471,0.025,66.564,0.044,,,2020-11-27,11.0
2020,Nov,28,98.906,84.125,77.807,1589.481,6.9,0.019,8.355,28.764,5.497,0.025,62.66,0.044,,,2020-11-28,11.0
2020,Nov,29,102.453,87.063,77.815,1572.029,6.9,0.018,8.592,27.353,5.484,0.025,64.682,0.046,,,2020-11-29,11.0
2020,Nov,30,106.641,90.688,78.051,1597.198,6.9,0.019,8.984,28.243,5.489,0.025,63.804,0.049,,,2020-11-30,11.0
2020,Dec,1,107.766,91.5,78.046,1693.618,6.9,0.019,9.203,30.206,5.496,0.025,62.908,0.058,,,2020-12-01,12.0
2020,Dec,2,106.016,90.031,78.203,1720.318,6.9,0.019,9.032,30.25,5.501,0.025,62.351,0.058,,,2020-12-02,12.0
2020,Dec,3,105.984,89.969,77.488,1739.303,6.9,0.019,9.035,29.755,5.494,0.025,63.455,0.056,,,2020-12-03,12.0
2020,Dec,4,110.953,94.219,77.484,1724.453,6.9,0.02,9.252,28.206,5.448,0.025,70.091,0.058,,,2020-12-04,12.0
2020,Dec,5,110.172,93.531,77.344,1680.897,6.9,0.019,8.855,27.022,5.42,0.025,75.194,0.053,,,2020-12-05,12.0
2020,Dec,6,107.297,91.094,77.104,1579.92,6.9,0.018,8.641,26.033,5.452,0.025,70.18,0.049,,,2020-12-06,12.0
2020,Dec,7,108.438,92.094,76.99,1553.311,6.9,0.019,8.935,25.837,5.466,0.025,67.681,0.049,,,2020-12-07,12.0
2020,Dec,8,93.453,79.125,77.841,1651.27,6.888,0.02,8.142,28.609,5.47,0.025,67.714,0.058,,,2020-12-08,12.0
2020,Dec,9,97.516,82.813,77.652,1670.924,6.893,0.018,7.731,27.879,5.451,0.025,70.158,0.057,,,2020-12-09,12.0
2020,Dec,10,110.156,93.5,77.215,1657.573,6.9,0.018,7.744,27.561,5.45,0.025,70.241,0.053,,,2020-12-10,12.0
2020,Dec,11,105.141,89.125,76.919,1639.56,6.9,0.02,8.357,26.681,5.517,0.025,60.856,0.069,,,2020-12-11,12.0
2020,Dec,12,109.547,93.063,76.996,1617.959,6.9,0.019,7.735,26.274,5.565,0.025,54.002,0.053,,,2020-12-12,12.0
2020,Dec,13,106.953,90.625,76.799,1541.589,6.9,0.018,7.671,24.778,5.578,0.025,52.224,0.047,,,2020-12-13,12.0
2020,Dec,14,100.266,84.844,76.804,1520.135,6.9,0.018,7.745,24.313,5.556,0.025,54.833,0.05,,,2020-12-14,12.0
2020,Dec,15,97.703,82.688,76.495,1603.938,6.9,0.018,7.431,25.405,5.539,0.025,56.892,0.052,,,2020-12-15,12.0
2020,Dec,16,91.734,77.594,76.484,1636.019,6.9,0.017,7.523,25.93,5.518,0.025,59.923,0.053,,,2020-12-16,12.0
2020,Dec,17,77.281,65.281,76.029,1656.324,6.906,0.019,8.04,26.67,5.555,0.025,55.301,0.056,,,2020-12-17,12.0
2020,Dec,18,110.094,93.406,76.463,1674.236,6.9,0.019,8.524,26.194,5.541,0.025,56.663,0.053,,,2020-12-18,12.0
2020,Dec,19,105.766,89.594,76.313,1703.707,6.9,0.019,8.802,26.138,5.532,0.025,57.859,0.051,,,2020-12-19,12.0
2020,Dec,20,105.406,89.344,76.269,1645.522,6.9,0.018,8.751,25.117,5.513,0.025,60.537,0.049,,,2020-12-20,12.0
2020,Dec,21,107.781,91.375,76.437,1643.873,6.9,0.018,8.897,25.593,5.516,0.025,59.923,0.049,,,2020-12-21,12.0
2020,Dec,22,108.391,92.0,76.37,1720.611,6.901,0.018,8.91,27.052,5.508,0.025,61.232,0.052,,,2020-12-22,12.0
2020,Dec,23,106.0,89.938,76.291,1798.417,6.899,0.019,8.863,28.391,5.526,0.025,58.831,0.054,,,2020-12-23,12.0
2020,Dec,24,108.234,91.875,75.88,1765.936,6.9,0.018,8.858,26.798,5.531,0.025,58.599,0.067,,,2020-12-24,12.0
2020,Dec,25,100.328,85.0,76.02,1644.781,6.899,0.017,7.963,25.852,5.532,0.025,58.06,0.063,,,2020-12-25,12.0
2020,Dec,26,98.188,83.25,75.753,1572.848,6.9,0.018,8.136,25.455,5.555,0.025,55.225,0.061,,,2020-12-26,12.0
2020,Dec,27,106.469,90.25,75.765,1585.472,6.9,0.018,8.715,24.831,5.565,0.025,53.913,0.061,,,2020-12-27,12.0
2020,Dec,28,109.703,93.219,74.989,1633.319,6.9,0.018,9.18,24.2594,5.5419,0.0249,56.735,0.0612,,,2020-12-28,12.0
2020,Dec,29,108.031,91.719,74.06,1612.835,6.9,0.018,9.004,22.964,5.514,0.025,60.531,0.064,,,2020-12-29,12.0
2020,Dec,30,108.859,92.5,74.712,1684.87,6.9,0.018,8.934,24.51,5.527,0.025,58.815,0.068,,,2020-12-30,12.0
2020,Dec,31,109.0,92.469,75.207,1693.809,6.9,0.019,8.857,25.045,5.462,0.025,68.168,0.065,,,2020-12-31,12.0
2021,Jan,1,102.359,86.625,75.013,1611.197,6.9,0.018,8.256,24.212,5.396,0.025,79.61,0.06,,,2021-01-01,1.0
2021,Jan,2,102.531,86.875,74.967,1554.472,6.9,0.019,8.32,24.369,5.45,0.025,70.502,0.059,,,2021-01-02,1.0
2021,Jan,3,107.375,91.0,75.12,1557.733,6.9,0.019,8.775,23.783,5.473,0.025,66.546,0.061,,,2021-01-03,1.0
2021,Jan,4,110.469,93.656,75.056,1609.488,6.9,0.02,9.037,24.203,5.47,0.025,67.068,0.063,,,2021-01-04,1.0
2021,Jan,5,110.734,94.0,75.38,1685.154,6.9,0.019,9.141,25.354,5.445,0.025,71.046,0.067,,,2021-01-05,1.0
2021,Jan,6,109.609,93.156,75.404,1732.681,6.9,0.019,8.904,26.325,5.451,0.025,69.89,0.055,,,2021-01-06,1.0
2021,Jan,7,110.563,94.031,75.321,1725.603,6.9,0.018,8.765,25.608,5.442,0.025,71.577,0.054,,,2021-01-07,1.0
2021,Jan,8,110.063,93.625,75.362,1709.225,6.9,0.019,8.784,25.72,5.413,0.025,76.249,0.052,,,2021-01-08,1.0
2021,Jan,9,107.703,91.5,75.08,1690.798,6.9,0.018,8.749,25.659,5.392,0.025,80.208,0.054,,,2021-01-09,1.0
2021,Jan,10,107.0,90.75,75.087,1626.28,6.9,0.019,8.943,24.864,5.394,0.025,79.847,0.053,,,2021-01-10,1.0
2021,Jan,11,110.188,93.344,74.935,1593.622,6.9,0.019,8.374,24.024,5.394,0.025,79.596,0.05,,,2021-01-11,1.0
2021,Jan,12,63.156,53.031,74.932,1684.712,6.896,0.022,8.206,29.135,5.419,0.029,76.189,0.039,,,2021-01-12,1.0
2021,Jan,13,76.203,64.219,75.401,1714.094,6.893,0.02,8.669,28.955,5.403,0.026,78.946,0.061,,,2021-01-13,1.0
2021,Jan,14,107.234,91.0,75.643,1736.547,6.901,0.02,8.89,26.251,5.373,0.025,84.086,0.055,,,2021-01-14,1.0
2021,Jan,15,109.125,92.781,76.213,1732.84,6.9,0.019,8.593,26.031,5.389,0.025,80.639,0.051,,,2021-01-15,1.0
2021,Jan,16,107.672,91.656,76.158,1747.906,6.9,0.019,8.721,27.448,5.393,0.025,79.667,0.052,,,2021-01-16,1.0
2021,Jan,17,108.672,92.219,76.181,1661.082,6.9,0.02,8.741,26.322,5.401,0.025,78.307,0.049,,,2021-01-17,1.0
2021,Jan,18,107.531,91.219,75.804,1616.0,6.901,0.02,8.977,25.511,5.399,0.025,78.483,0.05,,,2021-01-18,1.0
2021,Jan,19,106.125,90.125,75.231,1672.597,6.9,0.02,9.179,26.583,5.402,0.025,77.92,0.054,,,2021-01-19,1.0
2021,Jan,20,106.031,90.031,75.42,1758.237,6.9,0.02,8.793,27.737,5.398,0.025,78.771,0.053,,,2021-01-20,1.0
2021,Jan,21,93.594,79.406,76.051,1718.445,6.898,0.021,8.889,28.92,5.389,0.026,80.751,0.058,,,2021-01-21,1.0
2021,Jan,22,108.078,91.875,75.606,1725.737,6.9,0.021,8.798,27.143,5.234,0.025,117.773,0.056,,,2021-01-22,1.0
2021,Jan,23,107.047,90.938,74.951,1703.589,6.9,0.02,8.747,26.118,5.1135,0.025,151.744,0.053,,,2021-01-23,1.0
2021,Jan,24,106.875,90.781,74.676,1621.42,6.9,0.019,8.597,24.217,5.129,0.025,146.491,0.048,,,2021-01-24,1.0
2021,Jan,25,111.563,95.0,73.558,1587.749,6.9,0.02,8.903,23.164,5.33,0.025,97.168,0.049,,,2021-01-25,1.0
2021,Jan,26,110.375,93.75,73.802,1685.239,6.9,0.02,8.879,24.785,5.437,0.025,72.138,0.055,,,2021-01-26,1.0
2021,Jan,27,108.813,92.406,74.496,1723.014,6.9,0.019,8.868,25.661,5.453,0.025,69.401,0.054,,,2021-01-27,1.0
2021,Jan,28,102.453,86.938,74.583,1720.32,6.9,0.02,8.968,25.774,5.446,0.025,70.506,0.048,,,2021-01-28,1.0
2021,Jan,29,105.797,89.75,73.644,1628.595,6.9,0.022,8.683,26.656,5.435,0.025,74.371,0.039,,,2021-01-29,1.0
2021,Jan,30,107.438,91.344,73.844,1663.442,6.9,0.02,8.85,31.518,5.481,0.025,65.17,0.04,,,2021-01-30,1.0
2021,Jan,31,108.844,92.563,74.391,1628.585,6.9,0.02,9.024,31.165,5.488,0.025,64.167,0.039,,,2021-01-31,1.0
2021,Feb,1,108.453,92.094,74.845,1616.104,6.9,0.02,9.21,31.692,5.498,0.025,62.447,0.043,,,2021-02-01,2.0
2021,FEb,2,106.688,90.688,75.202,1707.2,6.9,0.019,9.336,33.32,5.479,0.025,65.413,0.05,,,2021-02-02,2.0
2021,Feb,3,107.031,90.906,74.967,1743.296,6.9,0.019,9.176,33.323,5.459,0.025,68.636,0.051,,,2021-02-03,2.0
2021,Feb,4,110.938,94.125,75.107,1731.105,6.901,0.019,9.0,32.232,5.458,0.025,68.489,0.049,,,2021-02-04,2.0
2021,Feb,5,106.766,90.5,75.062,1718.914,6.9,0.02,8.885,27.531,5.43,0.025,73.138,0.049,,,2021-02-05,2.0
2021,Feb,6,104.906,88.969,75.13,1724.932,6.9,0.019,8.764,24.937,5.412,0.025,76.276,0.047,,,2021-02-06,2.0
2021,Feb,7,107.984,91.594,74.855,1657.359,6.9,0.019,8.831,24.304,5.418,0.025,75.526,0.044,,,2021-02-07,2.0
2021,Feb,8,104.141,88.344,74.591,1609.887,6.9,0.02,8.988,23.905,5.441,0.025,71.278,0.044,,,2021-02-08,2.0
2021,Feb,9,101.906,86.563,74.906,1706.916,6.9,0.021,9.296,25.198,5.436,0.025,72.16,0.048,,,2021-02-09,2.0
2021,Feb,10,102.547,87.031,75.246,1724.676,6.9,0.021,8.975,25.519,5.428,0.025,73.403,0.049,,,2021-02-10,2.0
2021,Feb,11,103.609,87.875,75.159,1705.913,6.9,0.021,8.705,25.624,5.421,0.025,74.435,0.049,,,2021-02-11,2.0
2021,Feb,12,105.359,89.438,75.217,1694.153,6.9,0.021,8.47,25.763,5.381,0.025,82.412,0.051,,,2021-02-12,2.0
2021,Feb,13,107.547,91.375,74.904,1672.65,6.9,0.022,8.389,26.422,5.343,0.025,89.317,0.043,,,2021-02-13,2.0
2021,Feb,14,106.5,90.531,75.003,1602.618,6.9,0.02,8.247,24.308,5.322,0.025,93.621,0.038,,,2021-02-14,2.0
2021,Feb,15,106.359,90.313,74.592,1567.036,6.9,0.021,8.331,25.434,5.361,0.025,85.982,0.038,,,2021-02-15,2.0
2021,Feb,16,106.859,91.063,75.247,1622.401,6.9,0.021,8.857,26.228,5.361,0.025,85.556,0.06,,,2021-02-16,2.0
2021,Feb,17,107.516,91.656,75.089,1698.419,6.9,0.022,8.666,27.093,5.341,0.025,89.784,0.046,,,2021-02-17,2.0
2021,Feb,18,107.125,91.281,74.636,1679.97,6.9,0.022,8.488,26.206,5.333,0.025,91.233,0.043,,,2021-02-18,2.0
2021,Feb,19,109.563,93.094,74.945,1687.225,6.9,0.023,8.465,27.323,5.274,0.025,104.876,0.045,,,2021-02-19,2.0
2021,Feb,20,105.969,89.969,74.944,1684.789,6.9,0.024,8.516,27.091,5.221,0.025,118.068,0.043,,,2021-02-20,2.0
2021,Feb,21,105.203,89.313,74.995,1608.39,6.9,0.024,8.525,25.613,5.231,0.025,115.249,0.038,,,2021-02-21,2.0
2021,Feb,22,105.906,90.0,75.305,1583.967,6.9,0.025,8.791,25.667,5.233,0.025,115.414,0.04,,,2021-02-22,2.0
2021,Feb,23,105.953,90.0,75.567,1676.599,6.9,0.026,8.845,27.3,5.228,0.025,116.156,0.045,,,2021-02-23,2.0
2021,Feb,24,106.703,90.469,75.735,1724.809,6.9,0.029,8.816,28.372,5.389,0.025,85.008,0.045,,,2021-02-24,2.0
2021,Feb,25,101.094,85.813,75.851,1712.415,6.9,0.032,9.049,27.658,5.502,0.025,62.121,0.049,,,2021-02-25,2.0
2021,Feb,26,107.156,90.844,75.588,1695.599,6.901,0.033,8.736,27.182,5.412,0.025,76.822,0.047,,,2021-02-26,2.0
2021,Feb,27,107.922,91.594,75.37,1664.365,6.901,0.024,8.579,27.44,5.337,0.025,90.616,0.046,,,2021-02-27,2.0
2021,Feb,28,106.516,90.281,75.263,1580.532,6.9,0.02,8.521,25.344,5.332,0.025,91.563,0.042,,,2021-02-28,2.0
2021,Mar,1,106.219,89.969,75.276,1544.559,6.9,0.02,8.66,24.567,5.329,0.025,92.292,0.04,,,2021-03-01,3.0
2021,Mar,2,105.828,90.0,75.382,1623.707,6.9,0.021,8.863,25.217,5.316,0.025,94.785,0.044,,,2021-03-02,3.0
2021,Mar,3,106.922,91.0,74.909,1691.579,6.9,0.022,8.817,26.238,5.318,0.025,95.234,0.044,,,2021-03-03,3.0
2021,Mar,4,108.141,91.938,75.183,1644.483,6.9,0.021,8.645,26.528,5.344,0.025,89.48,0.043,,,2021-03-04,3.0
2021,Mar,5,110.5,93.938,75.56,1627.394,6.9,0.021,8.518,25.591,5.331,0.025,91.877,0.042,,,2021-03-05,3.0
2021,Mar,6,108.359,92.156,75.477,1624.154,6.9,0.02,8.476,25.497,5.334,0.025,91.515,0.042,,,2021-03-06,3.0
2021,Mar,7,106.391,90.375,75.222,1557.374,6.9,0.02,8.373,24.462,5.339,0.025,90.593,0.042,,,2021-03-07,3.0
2021,Mar,8,105.984,90.0,75.468,1512.729,6.9,0.02,8.619,23.633,5.342,0.025,89.564,0.046,,,2021-03-08,3.0
2021,Mar,9,107.531,91.375,75.245,1606.081,6.9,0.021,8.908,24.954,5.322,0.025,93.647,0.052,,,2021-03-09,3.0
2021,Mar,10,107.469,91.281,74.799,1635.504,6.9,0.021,8.771,25.118,5.319,0.025,94.208,0.051,,,2021-03-10,3.0
2021,Mar,11,104.641,88.875,74.489,1592.87,6.9,0.02,8.55,24.491,5.319,0.025,94.198,0.052,,,2021-03-11,3.0
2021,Mar,12,107.031,90.938,74.575,1629.559,6.9,0.021,8.562,24.781,5.304,0.025,97.772,0.056,,,2021-03-12,3.0
2021,Mar,13,107.453,91.344,74.848,1630.168,6.9,0.02,8.545,25.581,5.282,0.025,102.863,0.052,,,2021-03-13,3.0
2021,Mar,14,101.5,86.25,75.12,1583.269,6.9,0.019,8.456,24.2662,5.2699,0.0251,106.0425,0.0505,,,2021-03-14,3.0
2021,Mar,15,105.813,89.906,74.327,1550.625,6.9,0.02,8.691,24.177,5.265,0.025,107.016,0.049,,,2021-03-15,3.0
2021,Mar,16,105.781,89.875,74.252,1617.611,6.9,0.02,8.614,24.447,5.278,0.025,103.697,0.046,,,2021-03-16,3.0
2021,Mar,17,105.734,89.875,75.002,1680.123,6.9,0.02,8.359,25.66,5.268,0.025,106.261,0.051,,,2021-03-17,3.0
2021,Mar,18,109.469,93.063,75.205,1667.796,6.9,0.02,8.286,25.55,5.267,0.025,106.518,0.049,,,2021-03-18,3.0
2021,Mar,19,111.688,95.0,75.577,1644.149,6.9,0.021,8.629,25.564,5.357,0.025,88.839,0.052,,,2021-03-19,3.0
2021,Mar,20,109.203,92.813,75.642,1621.454,6.9,0.02,9.016,25.106,5.43,0.025,73.276,0.053,,,2021-03-20,3.0
2021,Mar,21,106.125,90.125,75.598,1548.599,6.9,0.02,9.085,23.79,5.429,0.025,73.47,0.048,,,2021-03-21,3.0
2021,Mar,22,105.906,90.031,75.373,1523.818,6.9,0.02,8.996,22.988,5.438,0.025,72.031,0.046,,,2021-03-22,3.0
2021,Mar,23,105.797,89.906,75.487,1619.972,6.9,0.02,9.169,24.806,5.439,0.025,71.83,0.052,,,2021-03-23,3.0
2021,Mar,24,89.391,75.969,75.456,1678.386,6.906,0.027,8.903,27.613,5.461,0.03,69.177,0.048,,,2021-03-24,3.0
2021,Mar,25,103.281,87.719,75.283,1677.484,6.907,0.021,8.849,26.521,5.444,0.021,71.085,0.052,,,2021-03-25,3.0
2021,Mar,26,108.031,91.781,75.56,1680.748,6.9,0.021,8.766,26.409,5.453,0.016,69.891,0.053,,,2021-03-26,3.0
2021,Mar,27,108.531,92.25,75.994,1648.339,6.9,0.022,8.755,24.514,5.475,0.016,66.116,0.049,,,2021-03-27,3.0
2021,Mar,28,107.031,91.063,76.54,1595.854,6.9,0.021,8.626,23.588,5.456,0.016,69.174,0.048,,,2021-03-28,3.0
2021,Mar,29,105.625,90.0,76.46,1601.147,6.9,0.021,8.92,23.672,5.464,0.016,67.834,0.048,,,2021-03-29,3.0
2021,Mar,30,105.766,89.938,76.552,1673.411,6.9,0.021,9.055,25.629,5.472,0.016,66.462,0.053,,,2021-03-30,3.0
2021,Mar,31,106.813,90.781,77.294,1687.284,6.9,0.022,8.666,26.085,5.46,0.016,68.194,0.053,,,2021-03-31,3.0
2021,Apr,1,109.078,92.75,77.555,1699.177,6.9,0.023,8.688,26.978,5.459,0.016,68.982,0.052,,,2021-04-01,4.0
2021,Apr,2,109.0,92.719,77.073,1706.062,6.9,0.022,8.703,26.609,5.41,0.016,76.862,0.054,,,2021-04-02,4.0
2021,Apr,3,107.234,91.313,77.105,1666.134,6.9,0.022,8.558,25.219,5.404,0.016,77.633,0.051,,,2021-04-03,4.0
2021,Apr,4,105.547,90.031,77.086,1611.607,6.9,0.021,8.452,24.682,5.404,0.016,77.593,0.046,,,2021-04-04,4.0
2021,Apr,5,105.813,90.0,77.027,1609.397,6.9,0.022,8.819,25.335,5.414,0.016,76.081,0.047,,,2021-04-05,4.0
2021,Apr,6,105.828,90.0,77.142,1689.254,6.9,0.022,9.275,25.862,5.405,0.016,77.566,0.052,,,2021-04-06,4.0
2021,Apr,7,105.953,89.969,77.599,1698.503,6.9,0.023,8.914,26.293,5.398,0.016,78.804,0.052,,,2021-04-07,4.0
2021,Apr,8,105.859,89.844,77.729,1721.971,6.9,0.026,8.89,27.435,5.41,0.016,76.5,0.054,,,2021-04-08,4.0
2021,Apr,9,105.016,89.156,77.529,1735.843,6.9,0.027,8.949,27.742,5.456,0.016,69.795,0.061,,,2021-04-09,4.0
2021,Apr,10,107.797,91.594,77.693,1723.071,6.9,0.023,8.985,28.383,5.45,0.016,69.818,0.051,,,2021-04-10,4.0
2021,Apr,11,107.25,91.125,77.459,1669.276,6.9,0.023,9.005,27.072,5.446,0.016,70.535,0.049,,,2021-04-11,4.0
2021,Apr,12,105.234,89.375,77.23,1645.875,6.9,0.021,9.135,26.526,5.465,0.016,67.574,0.049,,,2021-04-12,4.0
2021,Apr,13,106.016,90.0,77.61,1740.881,6.9,0.021,9.362,28.601,5.456,0.016,68.86,0.056,,,2021-04-13,4.0
2021,Apr,14,103.266,87.688,77.33,1749.013,6.9,0.021,9.121,28.269,5.449,0.016,70.289,0.053,,,2021-04-14,4.0
2021,Apr,15,108.797,92.438,77.247,1773.381,6.9,0.021,9.104,28.819,5.456,0.016,68.786,0.053,,,2021-04-15,4.0
2021,Apr,16,110.453,93.938,77.567,1748.812,6.9,0.022,8.742,28.38,5.407,0.016,77.39,0.052,,,2021-04-16,4.0
2021,Apr,17,107.703,91.563,77.643,1732.929,6.9,0.022,8.597,28.718,5.367,0.016,84.954,0.053,,,2021-04-17,4.0
2021,Apr,18,105.828,89.969,78.069,1673.383,6.9,0.022,8.563,27.419,5.358,0.016,86.645,0.049,,,2021-04-18,4.0
2021,Apr,19,105.734,89.844,78.139,1662.301,6.9,0.022,8.6,27.869,5.367,0.016,84.899,0.049,,,2021-04-19,4.0
2021,Apr,20,105.969,90.0,78.101,1734.118,6.9,0.022,8.839,28.844,5.359,0.016,86.28,0.056,,,2021-04-20,4.0
2021,Apr,21,106.844,90.75,77.795,1773.91,6.899,0.022,8.929,29.642,5.372,0.016,83.703,0.056,,,2021-04-21,4.0
2021,Apr,22,108.641,92.344,77.832,1773.244,6.9,0.022,8.616,30.172,5.37,0.016,84.269,0.057,,,2021-04-22,4.0
2021,Apr,23,107.172,91.063,77.645,1759.388,6.9,0.022,8.704,29.966,5.43,0.016,74.493,0.055,,,2021-04-23,4.0
2021,Apr,24,109.234,92.813,77.68,1726.399,6.9,0.022,8.698,29.103,5.475,0.016,65.989,0.052,,,2021-04-24,4.0
2021,Apr,25,106.969,90.875,77.963,1671.264,6.9,0.021,8.772,29.499,5.476,0.016,65.852,0.053,,,2021-04-25,4.0
2021,Apr,26,105.984,89.969,77.369,1650.245,6.9,0.022,8.971,29.174,5.483,0.016,64.589,0.051,,,2021-04-26,4.0
2021,Apr,27,105.969,90.031,77.52,1725.85,6.9,0.022,9.092,29.948,5.476,0.016,65.702,0.054,,,2021-04-27,4.0
2021,Apr,28,106.266,90.375,78.236,1726.953,6.9,0.022,8.631,30.684,5.484,0.016,64.661,0.058,,,2021-04-28,4.0
2021,Apr,29,105.547,89.688,78.772,1734.053,6.9,0.023,8.532,31.958,5.5,0.016,62.341,0.058,,,2021-04-29,4.0
2021,Apr,30,108.344,92.031,79.248,1731.667,6.9,0.023,8.523,31.014,5.465,0.016,67.437,0.056,,,2021-04-30,4.0
2021,May,1,107.594,91.406,78.652,1717.078,6.9,0.022,8.706,30.356,5.455,0.016,68.954,0.056,,,2021-05-01,5.0
2021,May,2,105.906,90.0,78.531,1650.28,6.9,0.022,8.724,29.096,5.466,0.016,67.519,0.053,,,2021-05-02,5.0
2021,May,3,105.969,89.969,78.671,1617.351,6.9,0.022,8.594,29.515,5.486,0.016,64.423,0.05,,,2021-05-03,5.0
2021,May,4,105.891,90.031,79.031,1696.883,6.9,0.022,8.795,31.561,5.492,0.016,63.404,0.057,,,2021-05-04,5.0
2021,May,5,105.906,89.969,79.39,1737.499,6.9,0.023,8.58,32.727,5.483,0.016,64.537,0.057,,,2021-05-05,5.0
2021,May,6,104.234,88.5,79.344,1743.529,6.9,0.025,8.57,32.6,5.486,0.016,64.399,0.061,,,2021-05-06,5.0
2021,May,7,106.063,90.0,79.237,1750.464,6.9,0.026,8.465,31.869,5.472,0.016,66.58,0.061,,,2021-05-07,5.0
2021,May,8,105.922,89.938,79.2,1728.315,6.9,0.024,8.358,32.346,5.46,0.016,68.458,0.057,,,2021-05-08,5.0
2021,May,9,106.047,89.969,79.016,1659.749,6.9,0.022,8.193,31.407,5.46,0.016,68.707,0.053,,,2021-05-09,5.0
2021,May,10,105.453,89.594,78.854,1614.24,6.9,0.022,8.185,30.39,5.477,0.016,65.824,0.052,,,2021-05-10,5.0
2021,May,11,105.781,90.0,79.4,1694.058,6.9,0.021,8.524,31.872,5.47,0.016,66.967,0.06,,,2021-05-11,5.0
2021,May,12,107.438,91.594,79.667,1740.098,6.9,0.021,8.441,33.627,5.457,0.016,68.729,0.06,,,2021-05-12,5.0
2021,May,13,111.375,95.0,79.486,1735.918,6.9,0.021,8.356,32.92,5.462,0.016,68.195,0.058,,,2021-05-13,5.0
2021,May,14,110.453,94.156,79.644,1745.102,6.9,0.021,8.24,33.056,5.465,0.016,67.495,0.061,,,2021-05-14,5.0
2021,May,15,107.625,91.625,79.381,1714.535,6.9,0.021,8.266,32.535,5.481,0.016,65.149,0.061,,,2021-05-15,5.0
2021,May,16,107.547,91.531,79.098,1644.42,6.9,0.021,8.3,31.554,5.486,0.016,64.504,0.055,,,2021-05-16,5.0
2021,May,17,108.75,92.344,79.174,1614.162,6.9,0.022,8.364,31.085,5.488,0.016,64.002,0.052,,,2021-05-17,5.0
2021,May,18,105.641,89.688,79.559,1696.489,6.9,0.021,8.499,32.026,5.472,0.016,66.182,0.059,,,2021-05-18,5.0
2021,May,19,30.5,25.906,78.669,1718.989,6.909,0.037,8.3,39.894,5.594,0.016,51.32,0.062,,,2021-05-19,5.0
2021,May,20,107.313,90.969,79.624,1730.815,6.9,0.022,8.433,33.189,5.479,0.016,65.532,0.063,,,2021-05-20,5.0
2021,May,21,111.484,94.844,79.252,1727.249,6.9,0.021,8.15,33.109,5.554,0.016,55.339,0.058,,,2021-05-21,5.0
2021,May,22,108.813,92.156,78.915,1707.09,6.9,0.021,8.123,31.772,5.586,0.016,51.084,0.056,,,2021-05-22,5.0
2021,May,23,107.297,91.063,79.21,1636.98,6.9,0.021,7.988,29.706,5.581,0.016,51.706,0.052,,,2021-05-23,5.0
2021,May,24,96.984,82.219,79.635,1612.706,6.9,0.022,8.342,29.546,5.594,0.016,50.331,0.052,,,2021-05-24,5.0
2021,May,25,94.875,80.656,80.115,1700.099,6.9,0.023,8.492,31.364,5.573,0.016,52.714,0.059,,,2021-05-25,5.0
2021,May,26,103.344,87.844,80.108,1713.985,6.9,0.023,8.397,31.632,5.582,0.016,51.537,0.06,,,2021-05-26,5.0
2021,May,27,109.906,93.188,79.95,1715.997,6.9,0.023,8.372,32.776,5.587,0.015,50.886,0.06,,,2021-05-27,5.0
2021,May,28,112.047,95.0,80.032,1717.779,6.9,0.023,8.242,32.22,5.529,0.016,58.502,0.058,,,2021-05-28,5.0
2021,May,29,105.719,89.656,79.756,1686.45,6.9,0.024,8.254,31.634,5.474,0.016,66.503,0.054,,,2021-05-29,5.0
2021,May,30,106.125,89.969,79.753,1616.478,6.9,0.024,7.923,29.899,5.467,0.016,67.23,0.05,,,2021-05-30,5.0
2021,May,31,102.453,86.875,79.775,1579.327,6.9,0.026,7.953,29.872,5.495,0.016,63.082,0.05,,,2021-05-31,5.0
2021,Jun,1,107.594,91.344,80.119,1550.968,6.9,0.024,8.338,28.436,5.483,0.016,64.892,0.053,,,2021-06-01,6.0
2021,Jun,2,110.047,93.375,80.277,1686.005,6.9,0.023,8.561,31.235,5.467,0.016,67.365,0.062,,,2021-06-02,6.0
2021,Jun,3,111.141,94.156,80.392,1705.389,6.9,0.023,8.384,31.759,5.475,0.016,66.018,0.06,,,2021-06-03,6.0
2021,Jun,4,111.953,95.031,80.437,1686.853,6.9,0.022,8.399,31.635,5.578,0.016,53.251,0.06,,,2021-06-04,6.0
2021,Jun,5,107.813,91.406,80.4,1673.565,6.9,0.022,8.388,32.128,5.65,0.016,44.115,0.06,,,2021-06-05,6.0
2021,Jun,6,105.828,89.813,80.502,1630.557,6.9,0.021,8.253,31.114,5.647,0.016,44.391,0.059,,,2021-06-06,6.0
2021,Jun,7,106.078,89.969,79.992,1606.103,6.9,0.021,8.442,30.902,5.642,0.016,44.97,0.055,,,2021-06-07,6.0
2021,Jun,8,106.469,89.969,80.351,1685.796,6.9,0.022,8.586,32.383,5.651,0.016,43.984,0.062,,,2021-06-08,6.0
2021,Jun,9,107.172,90.781,80.597,1712.598,6.9,0.021,8.277,33.647,5.64,0.016,45.163,0.061,,,2021-06-09,6.0
2021,Jun,10,111.859,94.75,80.708,1722.551,6.9,0.022,8.292,33.875,5.644,0.016,44.687,0.062,,,2021-06-10,6.0
2021,Jun,11,107.969,91.375,80.855,1725.519,6.9,0.022,8.391,34.078,5.591,0.016,50.628,0.061,,,2021-06-11,6.0
2021,Jun,12,108.078,91.469,81.132,1727.0,6.9,0.022,8.253,34.0,5.55,0.016,56.0,0.059,,,2021-06-12,6.0
2021,Jun,13,107.531,91.03,81.223,1661.0,6.9,0.021,8.11,33.0,5.54,0.016,56.332,0.0549,,,2021-06-13,6.0
2021,Jun,14,105.375,89.281,81.443,1623.296,6.9,0.022,8.249,32.4064,5.5527,0.0155,55.1116,0.0535,,,2021-06-14,6.0
2021,Jun,15,109.953,93.25,81.933,1701.538,6.9,0.022,8.522,34.3226,5.5468,0.0155,56.0498,0.0628,,,2021-06-15,6.0
2021,Jun,16,108.734,92.063,81.911,1730.845,6.9,0.022,8.343,34.677,5.542,0.015,56.544,0.063,,,2021-06-16,6.0
2021,Jun,17,108.031,91.563,81.816,1734.858,6.9,0.023,8.52,35.511,5.554,0.016,55.0,0.067,,,2021-06-17,6.0
2021,Jun,18,106.234,89.969,81.632,1756.168,6.9,0.025,8.32,33.415,5.535,0.016,57.533,0.061,,,2021-06-18,6.0
2021,Jun,19,105.828,89.75,81.75,1729.103,6.9,0.028,8.299,31.785,5.543,0.016,56.659,0.059,,,2021-06-19,6.0
2021,Jun,20,106.156,90.0,81.644,1656.027,6.9,0.026,8.037,30.293,5.547,0.016,56.39,0.055,,,2021-06-20,6.0
2021,Jun,21,107.25,91.063,81.667,1651.876,6.9,0.025,8.171,30.612,5.556,0.016,54.813,0.054,,,2021-06-21,6.0
2021,Jun,22,112.141,95.0,81.904,1743.503,6.9,0.026,8.499,33.463,5.544,0.016,56.394,0.063,,,2021-06-22,6.0
2021,Jun,23,109.453,92.844,82.082,1778.263,6.9,0.024,8.34,35.49,5.548,0.015,55.762,0.064,,,2021-06-23,6.0
2021,Jun,24,110.469,93.5,82.076,1798.676,6.9,0.025,8.273,36.421,5.547,0.015,56.048,0.065,,,2021-06-24,6.0
2021,Jun,25,112.125,95.031,82.104,1794.225,6.9,0.024,8.278,35.606,5.554,0.015,55.182,0.064,,,2021-06-25,6.0
2021,Jun,26,107.531,90.938,82.219,1765.195,6.9,0.024,8.228,35.123,5.552,0.015,55.515,0.064,,,2021-06-26,6.0
2021,Jun,27,106.328,90.0,82.381,1687.864,6.9,0.024,8.081,33.94,5.551,0.015,55.519,0.06,,,2021-06-27,6.0
2021,Jun,28,111.516,94.5,82.354,1656.129,6.9,0.024,8.162,32.977,5.567,0.015,53.39,0.058,,,2021-06-28,6.0
2021,Jun,29,111.656,94.625,82.231,1746.091,6.9,0.025,8.334,34.336,5.562,0.015,54.17,0.064,,,2021-06-29,6.0
2021,Jun,30,110.219,93.406,82.605,1786.398,6.899,0.024,8.3,35.442,5.555,0.015,55.012,0.063,,,2021-06-30,6.0
2021,Jul,1,110.375,93.781,82.827,1780.334,6.9,0.025,8.248,35.64,5.558,0.015,54.589,0.064,,,2021-07-01,7.0
2021,Jul,2,111.734,95.0,82.862,1765.687,6.9,0.025,8.185,35.869,5.654,0.015,44.86,0.061,,,2021-07-02,7.0
2021,Jul,3,109.406,92.906,82.812,1736.384,6.9,0.025,8.046,35.737,5.735,0.015,36.29,0.061,,,2021-07-03,7.0
2021,Jul,4,105.813,89.969,82.797,1684.969,6.9,0.024,7.863,34.239,5.727,0.015,36.967,0.057,,,2021-07-04,7.0
2021,Jul,5,103.797,88.25,82.504,1626.981,6.9,0.025,7.712,33.395,5.729,0.015,36.816,0.052,,,2021-07-05,7.0
2021,Jul,6,107.219,91.219,82.584,1610.173,6.9,0.025,8.6,32.302,5.723,0.015,37.29,0.056,,,2021-07-06,7.0
2021,Jul,7,106.359,90.5,82.856,1751.224,6.9,0.025,8.967,34.677,5.715,0.015,37.988,0.07,,,2021-07-07,7.0
2021,Jul,8,106.625,90.688,83.109,1801.159,6.9,0.025,9.008,35.628,5.714,0.015,38.038,0.07,,,2021-07-08,7.0
2021,Jul,9,94.922,80.656,83.37,1779.354,6.9,0.025,8.544,37.478,5.586,0.016,51.836,0.068,,,2021-07-09,7.0
2021,Jul,10,108.875,92.625,83.665,1738.609,6.9,0.024,8.414,35.495,5.511,0.016,60.84,0.065,,,2021-07-10,7.0
2021,Jul,11,108.734,92.5,83.551,1675.234,6.9,0.025,8.464,35.168,5.53,0.015,58.112,0.062,,,2021-07-11,7.0
2021,Jul,12,110.75,94.25,83.347,1628.902,6.9,0.024,8.676,34.739,5.547,0.015,56.036,0.066,,,2021-07-12,7.0
2021,Jul,13,111.75,95.0,83.682,1692.212,6.9,0.024,8.777,36.0,5.544,0.015,56.301,0.07,,,2021-07-13,7.0
2021,Jul,14,110.734,94.063,83.875,1732.053,6.9,0.024,8.646,37.047,5.535,0.015,57.54,0.072,,,2021-07-14,7.0
2021,Jul,15,105.188,89.281,83.828,1735.495,6.9,0.024,8.669,36.725,5.538,0.015,57.14,0.072,,,2021-07-15,7.0
2021,Jul,16,108.0,91.781,83.846,1718.979,6.9,0.024,8.613,38.923,5.533,0.015,57.706,0.075,,,2021-07-16,7.0
2021,Jul,17,108.406,92.219,83.983,1687.355,6.9,0.024,8.595,38.743,5.54,0.015,56.837,0.07,,,2021-07-17,7.0
2021,Jul,18,105.813,90.0,84.113,1629.491,6.9,0.023,8.335,37.075,5.533,0.015,57.962,0.063,,,2021-07-18,7.0
2021,Jul,19,108.297,92.156,84.283,1609.62,6.9,0.024,8.549,36.902,5.542,0.015,56.713,0.06,,,2021-07-19,7.0
2021,Jul,20,111.641,95.031,84.373,1715.084,6.901,0.024,8.822,39.532,5.537,0.016,57.174,0.068,,,2021-07-20,7.0
2021,Jul,21,112.047,95.375,84.436,1735.118,6.9,0.024,8.65,40.23,5.543,0.016,56.374,0.068,,,2021-07-21,7.0
2021,Jul,22,113.422,96.5,84.243,1732.039,6.9,0.025,8.442,40.851,5.559,0.016,54.441,0.064,,,2021-07-22,7.0
2021,Jul,23,113.609,96.625,84.052,1737.787,6.901,0.025,8.377,40.249,5.601,0.016,49.512,0.06,,,2021-07-23,7.0
2021,Jul,24,110.344,93.875,84.152,1722.357,6.899,0.024,8.382,39.938,5.626,0.015,46.788,0.061,,,2021-07-24,7.0
2021,Jul,25,106.719,90.844,83.998,1674.659,6.9,0.025,8.214,39.04,5.667,0.015,42.365,0.052,,,2021-07-25,7.0
2021,Jul,26,110.781,94.313,83.779,1653.497,6.9,0.026,8.613,38.725,5.687,0.015,40.661,0.051,,,2021-07-26,7.0
2021,Jul,27,110.219,93.719,84.142,1716.438,6.9,0.026,9.05,39.813,5.676,0.015,41.467,0.059,,,2021-07-27,7.0
2021,Jul,28,114.313,97.188,84.377,1741.944,6.9,0.026,8.848,41.13,5.671,0.015,42.107,0.059,,,2021-07-28,7.0
2021,Jul,29,114.766,97.563,84.427,1736.075,6.901,0.026,8.861,41.075,5.663,0.015,42.9,0.061,,,2021-07-29,7.0
2021,Jul,30,112.375,95.531,84.203,1750.535,6.9,0.026,8.585,41.658,5.576,0.016,52.941,0.06,,,2021-07-30,7.0
2021,Jul,31,114.781,97.594,84.144,1714.865,6.9,0.026,8.52,40.504,5.503,0.015,61.793,0.057,,,2021-07-31,7.0
2021,Aug,1,107.422,91.313,84.174,1654.565,6.9,0.026,8.404,39.003,5.506,0.015,61.674,0.054,,,2021-08-01,8.0
2021,Aug,2,111.719,95.0,84.257,1640.301,6.9,0.027,8.561,39.443,5.508,0.015,61.34,0.054,,,2021-08-02,8.0
2021,Aug,3,113.141,96.188,84.361,1735.808,6.9,0.027,8.686,41.718,5.502,0.015,62.092,0.061,,,2021-08-03,8.0
2021,Aug,4,115.016,97.875,84.515,1767.776,6.9,0.027,8.419,41.644,5.473,0.015,66.489,0.059,,,2021-08-04,8.0
2021,Aug,5,110.766,94.219,84.54,1735.714,6.9,0.027,8.462,39.93,5.466,0.015,67.485,0.059,,,2021-08-05,8.0
2021,Aug,6,112.156,95.281,84.226,1745.975,6.9,0.027,8.672,41.542,5.505,0.016,61.599,0.061,,,2021-08-06,8.0
2021,Aug,7,110.719,94.188,84.264,1717.555,6.9,0.027,8.512,40.887,5.514,0.016,60.294,0.058,,,2021-08-07,8.0
2021,Aug,8,107.656,91.594,84.421,1657.772,6.9,0.028,8.329,41.016,5.497,0.016,63.003,0.054,,,2021-08-08,8.0
2021,Aug,9,97.5,82.906,84.318,1631.414,6.899,0.028,8.548,39.979,5.5,0.016,62.306,0.055,,,2021-08-09,8.0
2021,Aug,10,80.203,67.719,84.652,1728.29,6.9,0.029,8.485,40.667,5.47,0.016,66.782,0.06,,,2021-08-10,8.0
2021,Aug,11,61.094,51.531,84.854,1743.299,6.9,0.031,8.229,44.039,5.479,0.017,65.456,0.061,,,2021-08-11,8.0
2021,Aug,12,51.469,43.531,85.13,1720.01,6.9,0.035,8.264,45.426,5.49,0.018,63.836,0.064,,,2021-08-12,8.0
2021,Aug,13,35.578,30.156,85.098,1703.308,6.9,0.03,8.285,44.927,5.473,0.019,67.012,0.067,,,2021-08-13,8.0
2021,Aug,14,20.234,17.313,84.966,1699.243,6.899,0.03,8.359,44.107,5.586,0.018,51.664,0.074,,,2021-08-14,8.0
2021,Aug,15,9.266,8.0,81.668,1314.48,6.944,0.213,8.431,60.001,6.196,0.032,28.51,0.071,,,2021-08-15,8.0
2021,Aug,16,0.0,0.0,0.0,0.0,0.0,0.0,0.0,0.0,0.0,0.0,0.0,0.0,,,2021-08-16,8.0
2021,Aug,17,0.0,0.0,0.0,0.0,0.0,0.0,0.0,0.0,0.0,0.0,0.0,0.0,,,2021-08-17,8.0
2021,Aug,18,0.0,0.0,0.0,0.0,0.0,0.0,0.0,0.0,0.0,0.0,0.0,0.0,,,2021-08-18,8.0
2021,Aug,19,0.0,0.0,0.0,0.0,0.0,0.0,0.0,0.0,0.0,0.0,0.0,0.0,,,2021-08-19,8.0
2021,Aug,20,0.0,0.0,0.0,0.0,0.0,0.0,0.0,0.0,0.0,0.0,0.0,0.0,,,2021-08-20,8.0
2021,Aug,21,0.0,0.0,0.0,0.0,0.0,0.0,0.0,0.0,0.0,0.0,0.0,0.0,,,2021-08-21,8.0
2021,Aug,22,0.0,0.0,0.0,0.0,0.0,0.0,0.0,0.0,0.0,0.0,0.0,0.0,,,2021-08-22,8.0
2021,Aug,23,0.0,0.0,0.0,0.0,0.0,0.0,0.0,0.0,0.0,0.0,0.0,0.0,,,2021-08-23,8.0
2021,Aug,24,0.0,0.0,0.0,0.0,0.0,0.0,0.0,0.0,0.0,0.0,0.0,0.0,,,2021-08-24,8.0
2021,Aug,25,0.0,0.0,0.0,0.0,0.0,0.0,0.0,0.0,0.0,0.0,0.0,0.0,,,2021-08-25,8.0
2021,Aug,26,0.0,0.0,0.0,0.0,0.0,0.0,0.0,0.0,0.0,0.0,0.0,0.0,,,2021-08-26,8.0
2021,Aug,27,0.0,0.0,0.0,0.0,0.0,0.0,0.0,0.0,0.0,0.0,0.0,0.0,,,2021-08-27,8.0
2021,Aug,28,0.0,0.0,0.0,0.0,0.0,0.0,0.0,0.0,0.0,0.0,0.0,0.0,,,2021-08-28,8.0
2021,Aug,29,0.0,0.0,0.0,0.0,0.0,0.0,0.0,0.0,0.0,0.0,0.0,0.0,,,2021-08-29,8.0
2021,Aug,30,0.0,0.0,0.0,0.0,0.0,0.0,0.0,0.0,0.0,0.0,0.0,0.0,,,2021-08-30,8.0
2021,Aug,31,0.0,0.0,0.0,0.0,0.0,0.0,0.0,0.0,0.0,0.0,0.0,0.0,,,2021-08-31,8.0
2021,Sep,1,18.547,0.0,0.0,0.0,0.0,0.0,0.0,0.0,0.0,0.0,0.0,0.0,0.0,0.0,2021-09-01,9.0
2021,Sep,2,54.922,47.375,84.329,1758.12,6.9,0.023,8.431,47.5,5.658,0.015,43.252,0.077,96.555,0.288,2021-09-02,9.0
2021,Sep,3,80.281,68.719,84.317,1766.892,6.9,0.029,8.405,46.135,5.634,0.014,45.784,0.082,96.586,0.27,2021-09-03,9.0
2021,Sep,4,97.781,83.469,84.518,1723.315,6.9,0.025,8.233,44.335,5.606,0.014,48.818,0.071,96.437,0.258,2021-09-04,9.0
2021,Sep,5,99.172,84.5,84.44,1620.019,6.9,0.024,8.055,40.534,5.576,0.014,52.353,0.056,97.466,0.255,2021-09-05,9.0
2021,Sep,6,100.297,85.563,84.268,1567.561,6.9,0.023,7.991,39.087,5.581,0.014,51.655,0.053,97.951,0.251,2021-09-06,9.0
2021,Sep,7,104.703,89.188,84.656,1567.731,6.9,0.023,8.594,37.666,5.571,0.014,53.039,0.057,96.968,0.249,2021-09-07,9.0
2021,Sep,8,104.969,89.344,84.667,1676.701,6.897,0.023,8.732,38.735,5.535,0.014,57.755,0.064,96.469,0.251,2021-09-08,9.0
2021,Sep,9,102.281,86.844,84.976,1725.927,6.9,0.024,8.587,40.402,5.516,0.014,60.134,0.066,96.582,0.253,2021-09-09,9.0
2021,Sep,10,103.234,87.688,84.841,1722.764,6.9,0.023,8.39,40.238,5.571,0.014,53.701,0.066,96.458,0.251,2021-09-10,9.0
2021,Sep,11,106.313,90.313,84.971,1715.452,6.9,0.023,8.521,40.318,5.575,0.014,52.591,0.066,96.315,0.245,2021-09-11,9.0
2021,Sep,12,105.844,90.0,84.682,1651.791,6.9,0.023,8.403,37.634,5.567,0.014,53.607,0.059,97.057,0.253,2021-09-12,9.0
2021,Sep,13,105.938,90.0,84.236,1622.575,6.9,0.023,8.573,37.191,5.563,0.014,53.996,0.059,97.294,0.253,2021-09-13,9.0
2021,Sep,14,104.828,89.063,84.156,1729.821,6.9,0.023,8.771,39.147,5.567,0.014,53.502,0.066,96.651,0.254,2021-09-14,9.0
2021,Sep,15,108.156,91.875,83.98,1751.901,6.9,0.024,8.619,39.865,5.574,0.014,52.77,0.065,96.557,0.251,2021-09-15,9.0
2021,Sep,16,108.391,92.125,83.809,1756.04,6.9,0.023,8.738,38.933,5.584,0.014,51.564,0.086,96.439,0.252,2021-09-16,9.0
2021,Sep,17,109.656,93.125,83.874,1749.316,6.9,0.024,8.951,38.517,5.601,0.014,49.806,0.07,96.405,0.249,2021-09-17,9.0
2021,Sep,18,109.047,92.625,83.696,1722.905,6.9,0.023,8.985,38.436,5.619,0.014,47.669,0.062,96.478,0.247,2021-09-18,9.0
2021,Sep,19,109.469,92.969,83.544,1629.675,6.9,0.023,8.765,36.194,5.621,0.014,47.417,0.057,96.507,0.251,2021-09-19,9.0
2021,Sep,20,111.688,94.969,83.731,1608.958,6.901,0.022,8.861,36.05,5.633,0.014,46.224,0.058,96.607,0.247,2021-09-20,9.0
2021,Sep,21,111.641,94.969,84.6,1725.523,6.899,0.023,8.953,38.924,5.637,0.014,45.662,0.065,96.566,0.246,2021-09-21,9.0
2021,Sep,22,112.656,95.75,84.75,1757.551,6.9,0.047,8.707,39.641,5.624,0.014,47.198,0.067,96.683,0.246,2021-09-22,9.0
2021,Sep,23,111.813,94.969,84.147,1755.147,6.9,0.022,8.78,39.612,5.624,0.014,47.064,0.066,96.753,0.244,2021-09-23,9.0
2021,Sep,24,112.906,95.969,83.706,1757.511,6.9,0.022,8.656,39.138,5.605,0.014,49.058,0.063,96.748,0.244,2021-09-24,9.0
2021,Sep,25,113.875,96.781,83.648,1718.6,6.9,0.022,8.626,38.302,5.587,0.014,50.955,0.06,96.973,0.25,2021-09-25,9.0
2021,Sep,26,110.016,93.438,83.005,1640.839,6.9,0.022,8.657,35.777,5.592,0.014,50.754,0.056,96.701,0.251,2021-09-26,9.0
2021,Sep,27,111.734,95.0,82.915,1633.292,6.9,0.022,8.8,36.029,5.609,0.014,48.743,0.056,96.91,0.244,2021-09-27,9.0
2021,Sep,28,111.234,94.438,83.206,1714.889,6.9,0.022,8.848,37.443,5.606,0.014,48.933,0.061,96.54,0.253,2021-09-28,9.0
2021,Sep,29,109.609,93.094,83.379,1733.468,6.9,0.022,8.687,37.618,5.594,0.014,50.535,0.06,96.563,0.254,2021-09-29,9.0
2021,Sep,30,110.656,93.875,83.547,1750.082,6.9,0.022,8.547,38.37,5.589,0.014,50.96,0.061,96.619,0.25,2021-09-30,9.0
2021,Oct,1,112.953,96.0,83.544,1758.472,6.9,0.022,8.337,38.227,5.535,0.014,57.6,0.062,,,2021-10-01,10.0
2021,Oct,2,114.313,97.0,83.601,1727.543,6.9,0.022,8.181,38.395,5.546,0.014,56.229,0.062,,,2021-10-02,10.0
2021,Oct,3,110.078,93.5,83.682,1653.117,6.9,0.021,8.161,36.346,5.544,0.014,56.597,0.058,,,2021-10-03,10.0
2021,Oct,4,113.859,96.719,83.591,1622.158,6.9,0.022,8.427,35.744,5.567,0.014,53.535,0.058,,,2021-10-04,10.0
2021,Oct,5,114.328,97.094,83.27,1689.215,6.9,0.023,8.883,37.015,5.567,0.014,53.404,0.062,,,2021-10-05,10.0
2021,Oct,6,114.453,97.156,83.379,1720.663,6.9,0.022,8.569,37.851,5.559,0.014,54.662,0.067,,,2021-10-06,10.0
2021,Oct,7,111.813,94.969,83.03,1739.066,6.9,0.022,8.843,38.532,5.564,0.014,54.031,0.06,,,2021-10-07,10.0
2021,Oct,8,114.578,97.281,83.039,1746.105,6.9,0.023,8.61,38.101,5.465,0.014,68.087,0.056,,,2021-10-08,10.0
2021,Oct,9,75.766,64.344,81.842,1736.357,6.91,0.022,7.93,36.4,5.394,0.019,82.759,0.05,,,2021-10-09,10.0
2021,Oct,10,101.734,86.406,82.439,1673.593,6.902,0.022,8.026,36.949,5.364,0.023,85.477,0.055,,,2021-10-10,10.0
2021,Oct,11,113.641,96.594,81.83,1629.509,6.9,0.022,8.347,34.758,5.363,0.014,85.844,0.052,,,2021-10-11,10.0
2021,Oct,12,111.359,94.719,81.02,1725.612,6.9,0.022,8.559,35.36,5.343,0.014,89.592,0.054,,,2021-10-12,10.0
2021,Oct,13,110.141,93.719,81.423,1768.921,6.9,0.022,8.312,35.954,5.34,0.014,90.432,0.056,,,2021-10-13,10.0
2021,Oct,14,109.25,92.969,81.548,1763.589,6.9,0.022,8.419,35.403,5.336,0.014,91.385,0.056,,,2021-10-14,10.0
2021,Oct,15,110.203,93.688,81.923,1726.023,6.9,0.023,8.403,35.625,5.154,0.014,142.992,0.053,,,2021-10-15,10.0
2021,Oct,16,112.125,95.313,82.01,1705.501,6.9,0.022,8.547,35.355,5.018,0.014,189.389,0.05,,,2021-10-16,10.0
2021,Oct,17,111.266,94.563,81.54,1641.212,6.9,0.022,8.355,34.703,5.031,0.014,183.628,0.048,,,2021-10-17,10.0
2021,Oct,18,102.078,86.656,81.002,1573.636,6.9,0.021,8.371,32.371,5.109,0.014,155.983,0.048,,,2021-10-18,10.0
2021,Oct,19,114.0,97.094,81.079,1682.574,6.9,0.023,8.708,34.415,5.22,0.014,119.19,0.052,,,2021-10-19,10.0
2021,Oct,20,111.938,95.219,81.14,1717.031,6.9,0.023,8.695,35.615,5.225,0.014,117.582,0.055,,,2021-10-20,10.0
2021,Oct,21,111.75,95.094,81.215,1704.073,6.9,0.024,8.675,37.107,5.225,0.014,117.277,0.054,,,2021-10-21,10.0
2021,Oct,22,108.406,92.25,81.13,1719.698,6.9,0.023,8.565,36.704,5.414,0.014,84.561,0.053,,,2021-10-22,10.0
2021,Oct,23,112.313,95.625,80.877,1704.684,6.9,0.024,8.792,35.969,5.573,0.014,52.861,0.054,,,2021-10-23,10.0
2021,Oct,24,112.563,95.688,81.138,1640.06,6.9,0.023,8.659,36.563,5.583,0.014,51.815,0.054,,,2021-10-24,10.0
2021,Oct,25,111.703,95.094,80.305,1620.755,6.9,0.023,8.754,36.74,5.584,0.014,51.373,0.054,,,2021-10-25,10.0
2021,Oct,26,110.781,94.281,80.461,1692.448,6.9,0.024,8.852,37.721,5.592,0.014,50.591,0.057,,,2021-10-26,10.0
2021,Oct,27,108.078,91.875,80.973,1729.996,6.901,0.024,8.848,40.832,5.57,0.014,52.98,0.06,,,2021-10-27,10.0
2021,Oct,28,104.203,88.594,81.412,1730.495,6.9,0.024,8.839,41.363,5.533,0.014,57.646,0.063,,,2021-10-28,10.0
2021,Oct,29,96.563,82.0,81.545,1746.217,6.9,0.024,8.848,42.832,5.238,0.014,129.842,0.068,,,2021-10-29,10.0
2021,Oct,30,91.016,77.344,81.223,1756.435,6.9,0.025,9.242,43.121,5.085,0.014,161.906,0.065,,,2021-10-30,10.0
2021,Oct,31,107.469,91.344,80.626,1674.82,6.9,0.023,8.888,42.722,5.11,0.014,152.895,0.059,,,2021-10-31,10.0
2021,Nov,1,90.875,77.156,80.255,1621.164,6.9,0.024,8.871,41.619,5.119,0.014,149.784,0.058,,,2021-11-01,11.0
2021,Nov,2,109.547,93.156,80.404,1697.563,6.9,0.023,9.104,41.453,5.112,0.014,151.986,0.062,,,2021-11-02,11.0
2021,Nov,3,112.531,95.688,80.479,1747.196,6.9,0.023,9.021,43.776,5.103,0.016,155.307,0.066,,,2021-11-03,11.0
2021,Nov,4,114.406,97.438,80.246,1769.092,6.9,0.023,8.944,43.909,5.107,0.014,153.753,0.068,,,2021-11-04,11.0
2021,Nov,5,113.109,96.344,80.183,1797.889,6.9,0.023,8.711,44.626,5.176,0.014,132.381,0.062,,,2021-11-05,11.0
2021,Nov,6,110.828,94.188,80.021,1791.9,6.9,0.023,8.681,45.18,5.231,0.014,115.572,0.061,,,2021-11-06,11.0
2021,Nov,7,115.609,98.25,80.056,1718.895,6.9,0.022,8.367,42.344,5.208,0.014,121.595,0.056,,,2021-11-07,11.0
2021,Nov,8,114.203,97.063,79.748,1670.858,6.9,0.023,8.336,40.919,5.21,0.014,121.223,0.053,,,2021-11-08,11.0
2021,Nov,9,110.281,93.688,79.833,1749.74,6.901,0.023,8.409,42.713,5.196,0.014,125.2,0.06,,,2021-11-09,11.0
2021,Nov,10,107.094,91.0,80.181,1797.896,6.899,0.024,8.307,43.307,5.192,0.014,126.532,0.059,,,2021-11-10,11.0
2021,Nov,11,104.734,89.094,80.627,1796.475,6.9,0.024,8.145,43.911,5.161,0.014,135.96,0.059,,,2021-11-11,11.0
2021,Nov,12,104.188,88.563,81.062,1749.605,6.9,0.023,8.125,41.315,5.023,0.014,190.107,0.056,,,2021-11-12,11.0
2021,Nov,13,102.281,86.969,81.09,1727.269,6.9,0.023,8.023,39.824,4.921,0.014,236.228,0.056,,,2021-11-13,11.0
2021,Nov,14,98.922,84.156,80.802,1677.625,6.9,0.023,8.047,37.593,4.927,0.014,232.751,0.051,,,2021-11-14,11.0
2021,Nov,15,103.047,87.625,80.459,1614.773,6.9,0.023,8.411,36.875,5.011,0.014,194.383,0.055,,,2021-11-15,11.0
2021,Nov,16,102.656,87.313,79.983,1715.835,6.9,0.023,8.581,38.589,5.082,0.014,162.845,0.06,,,2021-11-16,11.0
2021,Nov,17,101.875,86.781,79.991,1735.85,6.9,0.023,8.369,37.389,5.053,0.014,174.361,0.057,,,2021-11-17,11.0
2021,Nov,18,99.781,84.781,79.776,1734.722,6.9,0.024,8.276,36.205,5.058,0.014,172.818,0.054,,,2021-11-18,11.0
2021,Nov,19,111.516,94.938,79.796,1737.614,6.9,0.023,8.468,37.171,5.098,0.014,157.961,0.06,,,2021-11-19,11.0
2021,Nov,20,107.609,91.656,79.588,1737.287,6.9,0.023,8.297,38.124,5.111,0.014,152.631,0.056,,,2021-11-20,11.0
2021,Nov,21,106.844,91.063,79.774,1699.086,6.9,0.023,8.377,36.735,5.109,0.014,152.948,0.05,,,2021-11-21,11.0
2021,Nov,22,107.813,91.875,79.904,1638.223,6.9,0.023,8.729,35.035,5.106,0.014,154.145,0.05,,,2021-11-22,11.0
2021,Nov,23,111.0,94.625,79.94,1716.03,6.9,0.023,9.175,35.959,5.104,0.014,154.969,0.055,,,2021-11-23,11.0
2021,Nov,24,111.453,95.0,79.607,1760.29,6.9,0.023,9.087,36.679,5.158,0.014,138.753,0.056,,,2021-11-24,11.0
2021,Nov,25,110.641,94.313,78.775,1770.668,6.9,0.023,8.621,35.233,5.198,0.014,125.099,0.048,,,2021-11-25,11.0
2021,Nov,26,106.797,90.969,78.951,1671.637,6.9,0.023,8.09,35.353,5.207,0.014,122.593,0.048,,,2021-11-26,11.0
2021,Nov,27,107.125,91.281,78.907,1653.923,6.9,0.023,8.276,36.231,5.221,0.014,118.316,0.048,,,2021-11-27,11.0
2021,Nov,28,106.328,90.625,78.989,1627.287,6.9,0.023,8.407,35.812,5.219,0.014,117.786,0.049,,,2021-11-28,11.0
2021,Nov,29,105.703,90.0,78.986,1651.717,6.9,0.024,8.681,36.478,5.27,0.014,106.547,0.055,,,2021-11-29,11.0
2021,Nov,30,105.719,90.0,79.037,1753.487,6.9,0.024,8.577,39.588,5.298,0.014,99.073,0.061,,,2021-11-30,11.0
2021,Dec,1,105.781,90.031,79.015,1752.251,6.9,0.024,8.338,39.277,5.284,0.014,102.414,0.061,,,2021-12-01,12.0
2021,Dec,2,106.344,90.563,78.587,1752.203,6.9,0.025,8.406,37.69,5.283,0.014,102.743,0.056,,,2021-12-02,12.0
2021,Dec,3,106.813,90.938,78.609,1763.758,6.9,0.025,8.431,37.201,5.228,0.015,117.109,0.055,,,2021-12-03,12.0
2021,Dec,4,103.203,88.0,78.425,1755.323,6.9,0.024,8.345,38.043,5.209,0.016,122.261,0.056,,,2021-12-04,12.0
2021,Dec,5,105.969,90.188,78.168,1693.75,6.9,0.024,8.306,37.304,5.211,0.016,121.664,0.05,,,2021-12-05,12.0
2021,Dec,6,95.359,81.156,77.927,1589.112,6.9,0.025,8.392,34.1968,5.2105,0.0156,121.506,0.0492,,,2021-12-06,12.0
2021,Dec,7,105.531,89.969,77.874,1712.19,6.9,0.026,8.706,37.365,5.218,0.016,119.544,0.057,,,2021-12-07,12.0
2021,Dec,8,105.516,90.0,78.321,1768.66,6.9,0.026,8.455,39.603,5.213,0.016,120.87,0.059,,,2021-12-08,12.0
2021,Dec,9,43.25,36.625,76.312,1789.637,6.904,0.059,8.6,51.879,5.36,0.027,90.229,0.065,,,2021-12-09,12.0
2021,Dec,10,108.328,92.406,77.554,1723.139,6.9,0.024,8.342,38.752,5.101,0.016,156.848,0.059,,,2021-12-10,12.0
2021,Dec,11,107.313,91.469,77.411,1699.241,6.9,0.023,8.5,39.96,5.023,0.014,187.572,0.06,,,2021-12-11,12.0
2021,Dec,12,103.922,88.594,77.227,1626.065,6.9,0.023,8.383,38.867,5.02,0.014,188.721,0.053,,,2021-12-12,12.0
2021,Dec,13,105.563,90.0,76.982,1570.033,6.9,0.024,8.668,36.399,5.014,0.014,191.065,0.058,,,2021-12-13,12.0
2021,Dec,14,99.359,84.875,75.82,1606.187,6.9,0.025,8.981,34.061,4.983,0.014,204.436,0.056,,,2021-12-14,12.0
2021,Dec,15,97.859,83.688,75.5,1635.01,6.9,0.026,8.656,34.412,4.995,0.014,200.028,0.058,,,2021-12-15,12.0
2021,Dec,16,99.391,85.0,75.837,1673.753,6.9,0.026,8.591,35.256,4.989,0.014,202.299,0.056,,,2021-12-16,12.0
2021,Dec,17,99.375,84.844,76.319,1683.414,6.9,0.027,8.593,35.027,5.032,0.014,184.145,0.057,,,2021-12-17,12.0
2021,Dec,18,105.75,90.313,76.224,1674.211,6.9,0.027,8.779,34.282,5.054,0.014,174.167,0.056,,,2021-12-18,12.0
2021,Dec,19,105.422,89.969,76.055,1596.705,6.9,0.026,8.769,32.546,5.074,0.014,166.884,0.051,,,2021-12-19,12.0
2021,Dec,20,105.25,89.875,75.904,1546.682,6.9,0.026,8.845,31.628,5.086,0.014,161.987,0.055,,,2021-12-20,12.0
2021,Dec,21,104.266,89.125,76.266,1620.276,6.9,0.026,9.011,32.119,5.202,0.014,128.353,0.056,,,2021-12-21,12.0
2021,Dec,22,105.25,89.938,76.248,1674.554,6.9,0.026,8.937,33.402,5.286,0.014,101.799,0.058,,,2021-12-22,12.0
2021,Dec,23,110.922,94.563,75.617,1680.985,6.9,0.026,8.773,33.809,5.267,0.014,106.397,0.054,,,2021-12-23,12.0
2021,Dec,24,108.563,92.5,74.378,1478.502,6.9,0.026,8.239,27.259,5.258,0.014,108.82,0.049,,,2021-12-24,12.0
2021,Dec,25,105.828,90.156,74.372,1484.061,6.901,0.023,7.689,28.221,5.255,0.014,109.839,0.05,,,2021-12-25,12.0
2021,Dec,26,102.734,87.5,74.177,1476.944,6.9,0.025,7.783,30.13,5.268,0.014,106.476,0.044,,,2021-12-26,12.0
2021,Dec,27,99.844,85.094,74.27,1533.311,6.9,0.024,8.332,30.408,5.248,0.014,111.274,0.049,,,2021-12-27,12.0
2021,Dec,28,99.641,84.969,74.193,1626.019,6.9,0.024,8.504,31.43,5.238,0.014,114.016,0.054,,,2021-12-28,12.0
2021,Dec,29,99.625,85.0,74.372,1656.02,6.9,0.024,8.56,32.779,5.244,0.015,112.352,0.055,,,2021-12-29,12.0
2021,Dec,30,100.641,85.875,74.073,1614.865,6.9,0.024,8.405,30.614,5.24,0.014,113.419,0.05,,,2021-12-30,12.0
2021,Dec,31,104.656,89.219,74.058,1593.704,6.9,0.024,8.378,29.697,5.241,0.014,113.024,0.051,,,2021-12-31,12.0
2022,Jan,1,101.156,86.188,74.359,1558.066,6.9,0.023,8.063,30.64,5.237,0.014,114.598,0.047,,,2022-01-01,1.0
2022,Jan,2,95.375,81.313,74.083,1545.219,6.9,0.024,8.097,32.5771,5.2614,0.014,108.2728,0.0444,,,2022-01-02,1.0
2022,Jan,3,93.703,80.0,74.078,1535.786,6.9,0.026,8.571,31.8134,5.2601,0.014,108.3817,0.0464,,,2022-01-03,1.0
2022,Jan,4,93.797,79.969,74.192,1628.168,6.9,0.025,8.763,32.116,5.254,0.014,109.764,0.0485,,,2022-01-04,1.0
2022,Jan,5,101.188,86.188,74.632,1696.463,6.9,0.026,8.779,34.182,5.252,0.014,110.961,0.051,,,2022-01-05,1.0
2022,Jan,6,106.234,90.563,74.856,1720.255,6.9,0.027,8.834,36.647,5.259,0.014,108.275,0.051,,,2022-01-06,1.0
2022,Jan,7,107.859,91.875,74.469,1718.148,6.9,0.03,8.464,36.187,5.303,0.015,100.047,0.049,,,2022-01-07,1.0
2022,Jan,8,108.734,92.188,74.797,1704.172,6.9,0.031,8.37,34.618,5.345,0.018,88.747,0.049,,,2022-01-08,1.0
2022,Jan,9,105.781,89.813,74.895,1609.937,6.9,0.033,8.313,32.546,5.339,0.018,90.393,0.045,,,2022-01-09,1.0
2022,Jan,10,106.109,90.0,75.005,1554.847,6.9,0.03,8.572,30.805,5.354,0.018,87.059,0.055,,,2022-01-10,1.0
2022,Jan,11,106.266,89.969,75.219,1652.318,6.9,0.029,8.488,34.15,5.35,0.02,87.817,0.062,,,2022-01-11,1.0
2022,Jan,12,106.266,89.656,75.226,1687.699,6.9,0.028,8.661,34.764,5.354,0.018,87.219,0.055,,,2022-01-12,1.0
2022,Jan,13,109.7,92.844,75.46,1710.299,6.9,0.027,8.928,35.618,5.336,0.018,91.002,0.064,,,2022-01-13,1.0
2022,Jan,14,112.016,95.0,75.57,1703.731,6.9,0.024,8.526,36.823,5.255,0.016,110.169,0.053,,,2022-01-14,1.0
2022,Jan,15,108.828,92.375,75.314,1676.401,6.9,0.025,8.621,35.594,5.233,0.014,115.034,0.048,,,2022-01-15,1.0
2022,Jan,16,105.953,89.969,75.763,1613.767,6.9,0.024,8.67,33.604,5.208,0.014,122.137,0.045,,,2022-01-16,1.0
2022,Jan,17,105.969,89.969,75.454,1566.383,6.9,0.025,8.8,33.125,5.235,0.014,114.546,0.047,,,2022-01-17,1.0
2022,Jan,18,106.063,90.0,75.759,1625.436,6.9,0.024,9.033,33.697,5.222,0.014,118.101,0.054,,,2022-01-18,1.0
2022,Jan,19,108.844,92.094,75.681,1682.855,6.9,0.024,8.713,36.279,5.218,0.014,119.069,0.053,,,2022-01-19,1.0
2022,Jan,20,110.906,94.031,75.689,1733.979,6.9,0.024,8.494,36.528,5.193,0.014,126.036,0.051,,,2022-01-20,1.0
2022,Jan,21,111.938,94.938,75.415,1697.56,6.9,0.023,8.415,35.963,5.123,0.018,149.108,0.051,,,2022-01-21,1.0
2022,Jan,22,110.516,93.813,74.936,1670.558,6.9,0.024,8.442,33.787,5.055,0.02,173.454,0.048,,,2022-01-22,1.0
2022,Jan,23,107.656,91.406,74.797,1664.747,6.9,0.025,9.14,35.23,5.098,0.02,157.557,0.057,,,2022-01-23,1.0
2022,Jan,24,111.203,94.219,74.664,1743.504,6.9,0.025,8.772,36.014,5.048,0.02,176.379,0.057,,,2022-01-24,1.0
2022,Jan,25,106.125,89.938,74.474,1725.471,6.9,0.025,8.454,34.526,5.046,0.019,177.279,0.053,,,2022-01-25,1.0
2022,Jan,26,107.281,91.0,74.618,1723.991,6.9,0.025,8.499,33.667,5.128,0.02,148.629,0.055,,,2022-01-26,1.0
2022,Jan,27,110.203,93.5,74.68,1730.149,6.9,0.025,8.649,33.972,5.165,0.02,135.007,0.054,,,2022-01-27,1.0
2022,Jan,28,102.063,86.594,74.906,1644.28,6.9,0.024,8.5,32.28,5.175,0.019,131.82,0.049,,,2022-01-28,1.0
2022,Jan,29,105.516,89.406,75.15,1565.837,6.9,0.025,8.871,30.854,5.182,0.019,129.608,0.05,,,2022-01-29,1.0
2022,Jan,30,105.891,89.781,75.387,1690.623,6.9,0.026,9.019,35.09,5.183,0.019,128.866,0.057,,,2022-01-30,1.0
2022,Jan,31,100.734,85.406,75.96,1755.595,6.9,0.026,8.705,36.143,5.168,0.019,134.133,0.056,,,2022-01-31,1.0
2022,Feb,1,106.125,89.844,74.797,1664.747,6.9,0.025,9.14,35.23,5.098,0.02,157.557,0.057,,,2022-02-01,2.0
2022,FEb,2,107.5,91.188,74.664,1743.504,6.9,0.025,8.772,36.014,5.048,0.02,176.379,0.057,,,2022-02-02,2.0
2022,Feb,3,107.516,91.281,74.474,1725.471,6.9,0.025,8.454,34.526,5.046,0.019,177.279,0.053,,,2022-02-03,2.0
2022,Feb,4,111.906,95.0,74.618,1723.991,6.9,0.025,8.499,33.667,5.128,0.02,148.629,0.055,,,2022-02-04,2.0
2022,Feb,5,107.563,91.375,74.68,1730.149,6.9,0.025,8.649,33.972,5.165,0.02,135.007,0.054,,,2022-02-05,2.0
2022,Feb,6,105.016,89.125,74.906,1644.28,6.9,0.024,8.5,32.28,5.175,0.019,131.82,0.049,,,2022-02-06,2.0
2022,Feb,7,107.484,91.156,75.15,1565.837,6.9,0.025,8.871,30.854,5.182,0.019,129.608,0.05,,,2022-02-07,2.0
2022,Feb,8,108.906,92.281,75.387,1690.623,6.9,0.026,9.019,35.09,5.183,0.019,128.866,0.057,,,2022-02-08,2.0
2022,Feb,9,103.375,87.594,75.96,1755.595,6.9,0.026,8.705,36.143,5.168,0.019,134.133,0.056,,,2022-02-09,2.0
2022,Feb,10,107.891,91.406,76.276,1779.39,6.9,0.026,8.763,36.724,5.022,0.02,203.787,0.058,,,2022-02-10,2.0
2022,Feb,11,108.688,92.219,76.431,1796.671,6.9,0.026,8.612,36.999,4.773,0.02,332.312,0.057,,,2022-02-11,2.0
2022,Feb,12,107.531,91.25,76.613,1744.261,6.9,0.026,8.701,36.609,4.773,0.02,331.346,0.055,,,2022-02-12,2.0
2022,Feb,13,110.781,94.0,76.598,1676.557,6.9,0.026,8.736,34.479,4.772,0.02,332.338,0.05,,,2022-02-13,2.0
2022,Feb,14,108.75,92.125,76.191,1647.004,6.9,0.026,8.912,33.868,4.788,0.02,321.835,0.054,,,2022-02-14,2.0
2022,Feb,15,106.5,90.344,75.369,1744.466,6.9,0.026,9.156,34.778,4.806,0.02,307.287,0.058,,,2022-02-15,2.0
2022,Feb,16,107.047,90.938,75.3,1775.28,6.9,0.026,9.369,35.147,4.797,0.02,314.881,0.055,,,2022-02-16,2.0
2022,Feb,17,104.984,89.156,75.46,1762.268,6.9,0.028,9.215,34.14,4.776,0.02,329.408,0.056,,,2022-02-17,2.0
2022,Feb,18,104.344,88.594,75.585,1778.11,6.9,0.031,9.219,34.285,4.956,0.02,236.223,0.058,,,2022-02-18,2.0
2022,Feb,19,110.438,93.625,75.755,1742.117,6.9,0.031,9.325,34.034,5.086,0.02,161.265,0.058,,,2022-02-19,2.0
2022,Feb,20,109.516,92.781,75.841,1703.256,6.9,0.029,9.185,33.911,5.092,0.02,159.254,0.053,,,2022-02-20,2.0
2022,Feb,21,108.109,91.531,75.194,1647.129,6.9,0.026,9.008,33.01,5.1,0.02,156.189,0.052,,,2022-02-21,2.0
2022,Feb,22,105.984,89.906,74.909,1697.852,6.9,0.027,9.353,33.134,5.099,0.02,156.499,0.057,,,2022-02-22,2.0
2022,Feb,23,102.219,86.875,74.435,1726.91,6.9,0.025,9.032,33.577,5.0924,0.0198,159.4066,0.0526,,,2022-02-23,2.0
2022,Feb,24,103.203,87.656,74.515,1726.734,6.9,0.025,9.086,33.933,5.091,0.02,159.441,0.063,,,2022-02-24,2.0
2022,Feb,25,105.906,89.875,74.706,1730.305,6.9,0.025,9.027,33.714,4.904,0.02,261.696,0.067,,,2022-02-25,2.0
2022,Feb,26,108.578,92.156,75.076,1722.621,6.9,0.024,8.892,33.041,4.929,0.02,259.66,0.062,,,2022-02-26,2.0
2022,Feb,27,105.938,90.031,75.351,1682.535,6.9,0.024,8.752,31.783,5.119,0.02,149.885,0.05,,,2022-02-27,2.0
2022,Feb,28,106.016,89.969,75.672,1623.118,6.9,0.024,9.025,31.802,5.129,0.02,146.275,0.052,,,2022-02-28,2.0
2022,Mar,1,105.859,89.844,76.086,1707.0,6.9,0.024,9.29,34.004,5.136,0.02,143.926,0.059,,,2022-03-01,3.0
2022,Mar,2,105.578,89.719,76.469,1764.702,6.9,0.024,9.312,34.688,5.12,0.02,149.121,0.061,,,2022-03-02,3.0
2022,Mar,3,108.563,92.25,76.077,1747.753,6.9,0.024,9.432,34.515,5.151,0.02,139.285,0.063,,,2022-03-03,3.0
2022,Mar,4,109.047,92.594,75.786,1730.388,6.9,0.023,9.177,34.78,5.146,0.018,141.058,0.056,,,2022-03-04,3.0
2022,Mar,5,105.141,89.375,75.002,1720.537,6.9,0.023,9.216,32.845,5.13,0.017,145.689,0.056,,,2022-03-05,3.0
2022,Mar,6,105.922,89.969,75.01,1637.081,6.9,0.023,9.065,32.185,5.138,0.017,143.367,0.051,,,2022-03-06,3.0
2022,Mar,7,105.953,90.0,75.14,1581.732,6.9,0.023,9.103,31.605,5.119,0.017,149.339,0.051,,,2022-03-07,3.0
2022,Mar,8,105.906,89.906,75.463,1701.735,6.9,0.024,9.419,33.376,5.101,0.017,155.991,0.061,,,2022-03-08,3.0
2022,Mar,9,105.141,89.281,75.688,1764.478,6.9,0.024,9.379,34.578,5.129,0.017,146.335,0.06,,,2022-03-09,3.0
2022,Mar,10,108.422,92.125,75.922,1749.549,6.9,0.025,9.616,35.339,5.143,0.017,141.499,0.063,,,2022-03-10,3.0
2022,Mar,11,108.469,92.094,76.045,1746.223,6.9,0.024,9.485,35.042,5.148,0.017,139.857,0.062,,,2022-03-11,3.0
2022,Mar,12,108.859,92.375,76.015,1736.229,6.9,0.023,9.268,35.54,5.16,0.017,136.113,0.059,,,2022-03-12,3.0
2022,Mar,13,102.797,87.219,76.267,1663.482,6.9,0.023,9.28,34.145,5.16,0.017,136.27,0.056,,,2022-03-13,3.0
2022,Mar,14,106.109,89.969,76.26,1637.29,6.9,0.024,9.431,34.23,5.174,0.017,131.664,0.06,,,2022-03-14,3.0
2022,Mar,15,106.109,90.0,76.607,1694.611,6.9,0.023,9.46,35.7922,5.164,0.0171,134.874,0.063,,,2022-03-15,3.0
2022,Mar,16,106.063,90.031,76.95,1742.554,6.9,0.024,9.182,37.301,5.171,0.017,132.643,0.06,,,2022-03-16,3.0
2022,Mar,17,105.438,89.375,77.291,1741.523,6.9,0.023,9.013,37.217,5.143,0.017,141.91,0.058,,,2022-03-17,3.0
2022,Mar,18,104.109,88.344,77.262,1734.716,6.9,0.024,8.975,36.692,5.146,0.015,140.85,0.059,,,2022-03-18,3.0
2022,Mar,19,106.078,90.031,77.046,1716.419,6.9,0.024,8.983,36.282,5.134,0.014,144.8025,0.056,,,2022-03-19,3.0
2022,Mar,20,106.125,89.969,76.818,1646.025,6.9,0.024,8.962,34.668,5.113,0.014,151.598,0.052,,,2022-03-20,3.0
2022,Mar,21,106.094,90.031,76.94,1614.219,6.9,0.024,9.142,34.474,5.127,0.014,146.788,0.053,,,2022-03-21,3.0
2022,Mar,22,106.031,89.906,77.432,1698.392,6.9,0.024,9.264,36.374,5.123,0.014,148.106,0.065,,,2022-03-22,3.0
2022,Mar,23,100.969,85.531,78.091,1740.391,6.9,0.024,9.12,37.189,5.092,0.014,159.761,0.065,,,2022-03-23,3.0
2022,Mar,24,94.813,80.344,78.044,1802.491,6.9,0.025,9.029,38.028,5.075,0.014,166.625,0.067,,,2022-03-24,3.0
2022,Mar,25,108.125,91.656,77.717,1774.124,6.901,0.024,8.959,37.225,5.061,0.015,171.971,0.069,,,2022-03-25,3.0
2022,Mar,26,111.547,94.531,77.566,1760.516,6.9,0.024,8.973,36.854,5.008,0.014,193.08,0.064,,,2022-03-26,3.0
2022,Mar,27,108.75,92.313,77.284,1699.589,6.9,0.024,9.079,35.258,5.015,0.014,190.396,0.058,,,2022-03-27,3.0
2022,Mar,28,105.422,89.531,76.592,1619.493,6.9,0.025,9.085,33.227,5.021,0.014,188.243,0.052,,,2022-03-28,3.0
2022,Mar,29,105.75,89.906,76.682,1658.415,6.9,0.026,9.202,34.0,5.02,0.014,187.957,0.054,,,2022-03-29,3.0
2022,Mar,30,108.906,92.594,77.143,1748.77,6.9,0.025,9.208,35.578,4.996,0.014,198.477,0.058,,,2022-03-30,3.0
2022,Mar,31,108.719,92.375,77.104,1796.384,6.9,0.026,9.315,37.086,5.012,0.014,192.163,0.06,,,2022-03-31,3.0
2022,Apr,1,108.984,92.594,77.67,1777.172,6.9,0.025,9.054,37.704,5.049,0.014,176.634,0.066,,,2022-04-01,4.0
2022,Apr,2,105.781,90.031,77.34,1749.585,6.9,0.026,9.067,36.537,5.052,0.014,174.694,0.067,,,2022-04-02,4.0
2022,Apr,3,105.75,89.875,77.332,1668.974,6.9,0.028,8.81,34.419,5.051,0.014,175.248,0.056,,,2022-04-03,4.0
2022,Apr,4,105.844,89.969,77.4,1608.889,6.9,0.032,8.956,33.189,5.061,0.014,170.847,0.058,,,2022-04-04,4.0
2022,Apr,5,105.828,90.031,77.97,1720.609,6.9,0.031,9.084,34.804,5.054,0.014,173.555,0.065,,,2022-04-05,4.0
2022,Apr,6,105.844,90.0,78.545,1761.069,6.901,0.026,8.827,36.279,5.046,0.014,177.154,0.058,,,2022-04-06,4.0
2022,Apr,7,98.109,83.344,79.205,1779.293,6.9,0.026,9.249,38.276,4.952,0.014,227.713,0.057,,,2022-04-07,4.0
2022,Apr,8,111.766,94.969,79.592,1769.229,6.9,0.025,9.034,37.977,4.853,0.014,276.414,0.078,,,2022-04-08,4.0
2022,Apr,9,110.469,93.906,79.094,1764.19,6.9,0.024,9.148,36.992,4.878,0.014,261.147,0.069,,,2022-04-09,4.0
2022,Apr,10,103.531,87.813,78.337,1684.906,6.9,0.023,8.86,36.025,4.9,0.014,248.532,0.056,,,2022-04-10,4.0
2022,Apr,11,100.25,85.0,77.98,1640.718,6.9,0.023,8.86,35.591,4.918,0.014,237.945,0.048,,,2022-04-11,4.0
2022,Apr,12,100.234,85.0,77.451,1741.788,6.9,0.024,8.862,37.121,4.9,0.014,247.413,0.053,,,2022-04-12,4.0
2022,Apr,13,97.75,82.75,77.541,1782.667,6.9,0.024,8.696,38.464,4.921,0.014,236.322,0.059,,,2022-04-13,4.0
2022,Apr,14,104.828,88.969,77.936,1800.743,6.9,0.024,8.659,39.529,4.911,0.014,241.612,0.062,,,2022-04-14,4.0
2022,Apr,15,104.172,88.469,78.221,1798.593,6.9,0.023,8.809,39.519,5.063,0.014,177.015,0.065,,,2022-04-15,4.0
2022,Apr,16,82.375,69.813,78.094,1776.224,6.9,0.025,8.716,38.867,5.131,0.014,145.49,0.048,,,2022-04-16,4.0
2022,Apr,17,10.969,9.156,78.4,1710.0,6.9,0.03,9.15,45.0,5.15,0.019,140.0,0.056,,,2022-04-17,4.0
2022,Apr,18,0.0,0.0,,,,,,,,,,,,,2022-04-18,4.0
2022,Apr,19,0.0,0.0,,,,,,,,,,,,,2022-04-19,4.0
2022,Apr,20,0.0,0.0,,,,,,,,,,,,,2022-04-20,4.0
2022,Apr,21,0.0,0.0,,,,,,,,,,,,,2022-04-21,4.0
2022,Apr,22,8.734,7.188,,,,,,,,,,,,,2022-04-22,4.0
2022,Apr,23,73.859,62.813,78.127,1732.946,6.9,0.029,9.385,39.059,5.151,0.014,139.224,0.062,,,2022-04-23,4.0
2022,Apr,24,101.188,85.906,78.947,1704.786,6.9,0.023,9.472,38.378,5.09,0.014,160.226,0.059,,,2022-04-24,4.0
2022,Apr,25,96.547,81.938,79.16,1653.719,6.9,0.023,9.377,36.295,5.06,0.014,171.667,0.06,,,2022-04-25,4.0
2022,Apr,26,98.047,83.188,79.102,1749.004,6.9,0.023,9.565,37.739,5.067,0.014,168.753,0.065,,,2022-04-26,4.0
2022,Apr,27,107.797,91.594,79.0,1770.734,6.9,0.023,9.231,38.28,5.076,0.014,165.813,0.058,,,2022-04-27,4.0
2022,Apr,28,104.0,88.563,78.847,1762.863,6.9,0.023,9.167,38.697,5.09,0.014,160.124,0.054,,,2022-04-28,4.0
2022,Apr,29,109.75,93.594,79.095,1782.806,6.9,0.022,9.257,39.129,5.145,0.014,141.273,0.059,,,2022-04-29,4.0
2022,Apr,30,108.813,92.781,79.283,1749.047,6.9,0.022,9.399,37.357,5.153,0.014,138.644,0.065,,,2022-04-30,4.0
2022,May,1,105.516,89.969,79.152,1673.816,6.9,0.022,9.542,36.225,5.168,0.014,134.02,0.062,,,2022-05-01,5.0
2022,May,2,105.125,89.406,78.982,1630.318,6.9,0.022,9.68,34.479,5.168,0.014,133.903,0.063,,,2022-05-02,5.0
2022,May,3,106.984,90.875,79.148,1726.729,6.9,0.022,9.624,36.473,5.159,0.014,136.672,0.072,,,2022-05-03,5.0
2022,May,4,106.094,90.0,79.609,1772.384,6.9,0.022,9.241,38.287,5.154,0.014,138.181,0.065,,,2022-05-04,5.0
2022,May,5,105.047,89.0,79.894,1755.706,6.9,0.022,9.168,38.186,5.149,0.014,139.476,0.059,,,2022-05-05,5.0
2022,May,6,107.891,91.438,79.751,1739.629,6.9,0.038,8.881,37.494,5.13,0.014,146.0,0.053,,,2022-05-06,5.0
2022,May,7,108.719,92.188,79.789,1750.58,6.9,0.053,8.978,37.6,5.124,0.014,148.536,0.054,,,2022-05-07,5.0
2022,May,8,106.188,89.969,79.446,1666.748,6.9,0.052,8.846,35.194,5.116,0.014,151.137,0.049,,,2022-05-08,5.0
2022,May,9,105.5,89.531,78.924,1638.219,6.9,0.053,9.124,35.933,5.13,0.014,146.424,0.049,,,2022-05-09,5.0
2022,May,10,105.703,89.688,78.945,1758.404,6.9,0.053,9.541,37.562,5.13,0.014,146.201,0.059,,,2022-05-10,5.0
2022,May,11,106.031,90.031,78.941,1801.195,6.9,0.054,9.188,37.521,5.112,0.014,152.464,0.057,,,2022-05-11,5.0
2022,May,12,102.797,87.25,79.492,1786.774,6.9,0.053,9.211,36.973,5.098,0.014,157.55,0.056,,,2022-05-12,5.0
2022,May,13,111.063,94.406,80.077,1790.707,6.9,0.033,8.883,38.593,5.088,0.013,162.002,0.054,,,2022-05-13,5.0
2022,May,14,103.328,87.844,80.515,1785.574,6.9,0.024,9.15,37.759,5.116,0.014,150.844,0.056,,,2022-05-14,5.0
2022,May,15,106.0,90.0,80.367,1732.913,6.9,0.024,9.318,37.864,5.128,0.014,146.666,0.056,,,2022-05-15,5.0
2022,May,16,105.797,90.0,80.096,1676.936,6.9,0.024,9.428,37.418,5.143,0.014,142.151,0.056,,,2022-05-16,5.0
2022,May,17,105.938,89.969,80.049,1742.262,6.9,0.024,9.389,37.902,5.141,0.014,142.877,0.058,,,2022-05-17,5.0
2022,May,18,105.953,89.969,80.135,1791.763,6.9,0.025,9.186,38.017,5.12,0.014,149.958,0.056,,,2022-05-18,5.0
2022,May,19,103.938,88.219,80.091,1768.147,6.9,0.025,9.121,37.274,5.11,0.014,152.759,0.054,,,2022-05-19,5.0
2022,May,20,106.313,90.281,79.775,1811.694,6.9,0.024,9.061,36.501,5.112,0.014,153.41,0.054,,,2022-05-20,5.0
2022,May,21,108.25,91.906,80.087,1816.894,6.901,0.024,8.994,38.241,5.1,0.014,156.398,0.053,,,2022-05-21,5.0
2022,May,22,107.203,90.938,80.113,1742.283,6.899,0.023,8.802,37.721,5.068,0.014,168.48,0.049,,,2022-05-22,5.0
2022,May,23,103.563,87.906,79.752,1683.686,6.9,0.024,9.066,35.926,5.067,0.014,169.191,0.05,,,2022-05-23,5.0
2022,May,24,104.688,88.844,80.076,1787.022,6.9,0.024,9.381,37.686,5.068,0.014,168.417,0.059,,,2022-05-24,5.0
2022,May,25,106.984,91.0,80.32,1812.956,6.9,0.024,9.1,37.119,5.101,0.014,158.429,0.06,,,2022-05-25,5.0
2022,May,26,110.422,93.969,80.496,1800.187,6.9,0.025,8.869,36.182,5.142,0.014,142.852,0.059,,,2022-05-26,5.0
2022,May,27,110.406,93.969,80.373,1765.486,6.9,0.024,8.91,35.486,5.152,0.015,139.159,0.064,,,2022-05-27,5.0
2022,May,28,109.609,93.344,80.067,1698.599,6.9,0.024,8.986,34.509,5.148,0.016,140.617,0.059,,,2022-05-28,5.0
2022,May,29,106.109,90.281,80.336,1649.661,6.9,0.025,8.859,35.293,5.162,0.016,136.422,0.054,,,2022-05-29,5.0
2022,May,30,105.906,89.969,80.285,1569.535,6.9,0.025,8.722,33.986,5.162,0.016,135.949,0.051,,,2022-05-30,5.0
2022,May,31,106.469,88.781,80.319,1526.977,6.9,0.025,8.861,32.084,5.175,0.016,132.176,0.052,,,2022-05-31,5.0
2022,Jun,1,108.234,90.125,80.759,1652.898,6.9,0.026,8.962,34.367,5.16,0.016,136.331,0.066,,,2022-06-01,6.0
2022,Jun,2,108.344,91.313,80.742,1680.816,6.9,0.027,9.0,35.101,5.151,0.016,139.278,0.067,,,2022-06-02,6.0
2022,Jun,3,110.406,93.813,80.691,1686.0,6.9,0.029,8.783,32.566,5.105,0.015,154.305,0.061,,,2022-06-03,6.0
2022,Jun,4,109.906,93.375,80.858,1674.43,6.9,0.026,8.676,33.368,5.148,0.015,140.888,0.057,,,2022-06-04,6.0
2022,Jun,5,107.563,91.344,81.04,1602.825,6.9,0.024,8.76,32.027,5.18,0.016,130.486,0.052,,,2022-06-05,6.0
2022,Jun,6,106.031,89.969,81.171,1547.843,6.9,0.025,8.816,31.955,5.192,0.016,127.051,0.055,,,2022-06-06,6.0
2022,Jun,7,105.938,90.0,81.429,1623.002,6.9,0.024,9.101,33.564,5.195,0.016,125.983,0.064,,,2022-06-07,6.0
2022,Jun,8,38.484,32.719,80.731,1686.546,6.939,0.028,9.02,40.217,5.348,0.019,98.76,0.075,,,2022-06-08,6.0
2022,Jun,9,99.016,84.438,81.707,1676.577,6.9,0.024,8.838,32.319,5.182,0.016,129.888,0.065,,,2022-06-09,6.0
2022,Jun,10,111.156,94.563,81.655,1657.236,6.9,0.023,8.615,34.799,5.313,0.016,100.253,0.061,,,2022-06-10,6.0
2022,Jun,11,110.281,93.875,81.811,1636.65,6.9,0.023,8.559,33.768,5.391,0.016,80.29,0.058,,,2022-06-11,6.0
2022,Jun,12,105.813,89.969,81.762,1589.198,6.9,0.023,8.502,33.487,5.395,0.016,79.61,0.055,,,2022-06-12,6.0
2022,Jun,13,105.828,90.0,81.556,1563.475,6.9,0.024,8.644,33.726,5.415,0.016,76.103,0.055,,,2022-06-13,6.0
2022,Jun,14,105.859,89.875,81.974,1641.036,6.9,0.024,8.862,35.476,5.421,0.016,74.733,0.063,,,2022-06-14,6.0
2022,Jun,15,106.328,90.313,82.23,1694.218,6.9,0.024,8.611,36.521,5.414,0.016,76.19,0.062,,,2022-06-15,6.0
2022,Jun,16,112.453,95.594,82.047,1680.382,6.9,0.025,9.004,36.018,5.424,0.016,74.154,0.07,,,2022-06-16,6.0
2022,Jun,17,113.5,96.5,82.034,1686.498,6.9,0.024,8.403,36.973,5.344,0.016,89.674,0.058,,,2022-06-17,6.0
2022,Jun,18,112.5,95.656,82.031,1668.861,6.9,0.024,8.474,37.288,5.262,0.016,107.806,0.058,,,2022-06-18,6.0
2022,Jun,19,109.828,93.375,81.965,1599.151,6.9,0.024,8.362,35.98,5.264,0.016,107.472,0.053,,,2022-06-19,6.0
2022,Jun,20,101.58,86.406,82.36,1567.807,6.9,0.024,8.6,36.957,5.271,0.016,106.029,0.05,,,2022-06-20,6.0
2022,Jun,21,95.922,81.625,82.605,1635.745,6.9,0.025,9.147,38.548,5.288,0.016,101.442,0.053,,,2022-06-21,6.0
2022,Jun,22,98.344,83.594,82.919,1662.206,6.9,0.024,8.848,39.663,5.29,0.016,100.878,0.05,,,2022-06-22,6.0
2022,Jun,23,99.484,84.594,83.085,1673.621,6.9,0.025,9.052,39.952,5.274,0.016,105.674,0.058,,,2022-06-23,6.0
2022,Jun,24,99.828,84.938,82.98,1636.963,6.9,0.024,8.484,38.899,5.259,0.016,108.809,0.065,,,2022-06-24,6.0
2022,Jun,25,94.109,80.031,82.888,1593.606,6.9,0.024,8.46,37.498,5.237,0.016,114.642,0.062,,,2022-06-25,6.0
2022,Jun,26,94.08,79.969,82.908,1544.188,6.9,0.024,8.344,36.827,5.242,0.016,113.381,0.056,,,2022-06-26,6.0
2022,Jun,27,96.891,82.406,82.856,1516.26,6.9,0.024,8.668,36.719,5.28,0.016,103.486,0.059,,,2022-06-27,6.0
2022,Jun,28,101.797,86.25,83.252,1600.592,6.9,0.024,8.816,38.915,5.276,0.016,104.259,0.065,,,2022-06-28,6.0
2022,Jun,29,106.438,89.844,83.45,1646.578,6.9,0.025,8.647,39.882,5.288,0.016,101.737,0.065,,,2022-06-29,6.0
2022,Jun,30,105.141,88.844,83.489,1650.837,6.9,0.026,8.857,38.842,5.217,0.016,121.28,0.064,,,2022-06-30,6.0
2022,Jul,1,112.766,95.313,83.404,1650.661,6.9,0.025,8.534,37.254,5.136,0.016,144.266,0.062,,,2022-07-01,7.0
2022,Jul,2,111.938,94.719,83.262,1639.742,6.9,0.025,8.623,36.161,5.12,0.016,149.389,0.057,,,2022-07-02,7.0
2022,Jul,3,107.234,90.688,82.958,1574.7,6.9,0.026,8.437,33.75,5.117,0.016,150.598,0.051,,,2022-07-03,7.0
2022,Jul,4,106.344,90.031,82.707,1523.904,6.9,0.026,8.39,32.593,5.124,0.016,147.89,0.049,,,2022-07-04,7.0
2022,Jul,5,106.375,89.969,82.959,1527.173,6.9,0.028,8.446,34.438,5.141,0.0158,142.814,0.0513,,,2022-07-05,7.0
2022,Jul,6,106.734,90.188,83.362,1608.825,6.9,0.029,8.942,36.905,5.137,0.016,143.367,0.058,,,2022-07-06,7.0
2022,Jul,7,103.781,87.781,83.537,1644.069,6.9,0.031,8.889,35.412,5.12,0.016,149.539,0.055,,,2022-07-07,7.0
2022,Jul,8,105.031,88.813,83.536,1651.501,6.9,0.03,8.783,36.373,5.157,0.016,137.844,0.053,,,2022-07-08,7.0
2022,Jul,9,108.188,91.563,83.667,1636.157,6.9,0.027,8.653,35.327,5.161,0.016,135.842,0.051,,,2022-07-09,7.0
2022,Jul,10,106.328,90.0,83.697,1581.894,6.9,0.025,8.592,33.549,5.138,0.016,143.635,0.047,,,2022-07-10,7.0
2022,Jul,11,100.313,84.781,83.316,1551.554,6.9,0.026,8.924,37.955,5.173,0.016,132.284,0.055,,,2022-07-11,7.0
2022,Jul,12,72.016,60.844,83.378,1618.443,6.9,0.026,9.33,41.324,5.198,0.016,124.597,0.063,,,2022-07-12,7.0
2022,Jul,13,68.813,58.063,83.507,1689.655,6.9,0.025,8.901,40.269,5.181,0.016,129.964,0.066,,,2022-07-13,7.0
2022,Jul,14,67.938,57.531,83.604,1681.664,6.9,0.025,8.73,46.703,5.232,0.019,115.497,0.072,,,2022-07-14,7.0
2022,Jul,15,94.531,80.031,83.767,1696.17,6.9,0.024,8.356,46.333,5.283,0.016,103.151,0.06,,,2022-07-15,7.0
2022,Jul,16,94.516,79.969,83.946,1650.65,6.9,0.025,8.393,45.837,5.315,0.016,95.382,0.057,,,2022-07-16,7.0
2022,Jul,17,99.656,84.281,84.004,1571.776,6.9,0.024,8.288,45.746,5.314,0.018,95.583,0.054,,,2022-07-17,7.0
2022,Jul,18,97.516,82.438,84.128,1538.429,6.9,0.024,8.227,44.51,5.317,0.016,95.051,0.053,,,2022-07-18,7.0
2022,Jul,19,94.906,80.313,84.409,1622.894,6.9,0.025,8.512,45.595,5.294,0.016,100.57,0.057,,,2022-07-19,7.0
2022,Jul,20,101.5,85.906,84.52,1661.79,6.9,0.025,8.455,45.554,5.295,0.016,99.774,0.062,,,2022-07-20,7.0
2022,Jul,21,108.656,91.875,84.382,1655.547,6.9,0.026,8.406,45.417,5.298,0.017,99.343,0.061,,,2022-07-21,7.0
2022,Jul,22,111.828,94.5,84.362,1665.882,6.9,0.024,8.255,46.122,5.338,0.015,90.776,0.059,,,2022-07-22,7.0
2022,Jul,23,112.391,95.0,84.376,1628.79,6.9,0.025,8.358,44.526,5.352,0.014,87.271,0.056,,,2022-07-23,7.0
2022,Jul,24,108.844,91.969,84.249,1573.425,6.9,0.025,8.418,44.561,5.369,0.014,84.236,0.055,,,2022-07-24,7.0
2022,Jul,25,95.313,80.594,84.19,1513.719,6.9,0.025,8.256,42.56,5.38,0.014,82.155,0.055,,,2022-07-25,7.0
2022,Jul,26,103.531,87.594,84.38,1596.095,6.9,0.026,8.142,43.766,5.345,0.014,88.836,0.062,,,2022-07-26,7.0
2022,Jul,27,109.453,92.563,84.438,1642.771,6.9,0.026,8.265,44.988,5.33,0.014,92.05,0.057,,,2022-07-27,7.0
2022,Jul,28,112.172,94.844,84.641,1665.217,6.9,0.026,8.361,45.332,5.414,0.015,76.946,0.057,,,2022-07-28,7.0
2022,Jul,29,112.188,95.0,84.491,1651.518,6.9,0.026,8.174,44.298,5.485,0.014,64.597,0.057,,,2022-07-29,7.0
2022,Jul,30,110.953,93.875,84.608,1636.385,6.9,0.027,8.085,43.89,5.495,0.014,63.21,0.055,,,2022-07-30,7.0
2022,Jul,31,111.516,94.313,84.638,1579.085,6.9,0.027,7.986,43.971,5.501,0.014,62.167,0.053,,,2022-07-31,7.0
2022,Aug,1,84.641,71.313,84.677,1546.21,6.891,0.049,8.186,48.33,5.53,0.015,58.728,0.058,,,2022-08-01,8.0
2022,Aug,2,94.672,79.938,84.864,1623.48,6.9,0.031,8.32,45.1,5.518,0.014,59.767,0.06,,,2022-08-02,8.0
2022,Aug,3,95.422,80.531,84.85,1674.766,6.9,0.029,8.171,50.265,5.535,0.014,57.413,0.064,,,2022-08-03,8.0
2022,Aug,4,91.406,77.031,84.92,1673.524,6.9,0.028,8.334,49.149,5.539,0.014,56.946,0.066,,,2022-08-04,8.0
2022,Aug,5,94.859,80.125,85.206,1670.506,6.9,0.025,8.117,48.433,5.456,0.015,69.558,0.061,,,2022-08-05,8.0
2022,Aug,6,100.688,85.0,85.015,1649.856,6.9,0.027,7.994,49.029,5.419,0.014,75.431,0.059,,,2022-08-06,8.0
2022,Aug,7,100.609,85.0,84.941,1589.833,6.9,0.026,7.829,48.329,5.447,0.014,70.219,0.053,,,2022-08-07,8.0
2022,Aug,8,102.594,86.625,85.093,1578.988,6.9,0.025,7.878,47.343,5.454,0.014,69.373,0.055,,,2022-08-08,8.0
2022,Aug,9,104.66,88.44,85.5,1637.0,6.9,0.025,8.06,49.0,5.44,0.014,71.0,0.062,,,2022-08-09,8.0
2022,Aug,10,103.688,87.625,85.758,1677.351,6.9,0.026,8.25,51.894,5.444,0.014,71.019,0.062,,,2022-08-10,8.0
2022,Aug,11,110.484,93.563,85.666,1702.863,6.9,0.026,8.62,52.63,5.483,0.015,65.348,0.06,,,2022-08-11,8.0
2022,Aug,12,110.391,93.5,85.462,1737.501,6.9,0.025,8.381,54.603,5.512,0.014,60.756,0.057,,,2022-08-12,8.0
2022,Aug,13,106.875,90.531,85.475,1757.811,6.9,0.026,8.258,56.04,5.532,0.014,57.777,0.057,,,2022-08-13,8.0
2022,Aug,14,106.297,90.0,85.567,1687.659,6.9,0.028,8.115,51.026,5.513,0.014,60.45,0.051,,,2022-08-14,8.0
2022,Aug,15,106.328,89.938,85.349,1648.637,6.9,0.027,8.348,52.307,5.53,0.015,58.405,0.055,,,2022-08-15,8.0
2022,Aug,16,106.25,89.781,85.41,1726.057,6.9,0.027,8.552,54.68,5.536,0.014,57.316,0.066,,,2022-08-16,8.0
2022,Aug,17,108.328,91.688,85.518,1773.163,6.9,0.026,8.334,54.839,5.514,0.014,60.503,0.073,,,2022-08-17,8.0
2022,Aug,18,112.016,94.844,85.3,1773.2,6.9,0.026,8.348,54.409,5.518,0.014,59.6,0.067,,,2022-08-18,8.0
2022,Aug,19,109.047,92.219,85.198,1764.074,6.9,0.025,8.285,56.658,5.523,0.015,59.259,0.066,,,2022-08-19,8.0
2022,Aug,20,109.078,92.25,85.072,1766.189,6.9,0.025,8.276,55.71,5.538,0.015,57.128,0.063,,,2022-08-20,8.0
2022,Aug,21,106.656,90.406,84.851,1692.059,6.899,0.025,8.197,51.985,5.552,0.015,55.31,0.059,,,2022-08-21,8.0
2022,Aug,22,105.625,89.906,85.106,1645.671,6.9,0.025,8.308,52.111,5.557,0.015,54.584,0.061,,,2022-08-22,8.0
2022,Aug,23,105.766,89.969,85.236,1717.961,6.9,0.025,8.495,53.928,5.553,0.015,55.133,0.067,,,2022-08-23,8.0
2022,Aug,24,107.344,91.094,85.5,1769.336,6.9,0.026,8.404,55.038,5.555,0.015,54.801,0.071,,,2022-08-24,8.0
2022,Aug,25,107.891,91.219,85.582,1782.034,6.9,0.026,8.276,54.83,5.555,0.015,54.754,0.068,,,2022-08-25,8.0
2022,Aug,26,108.234,91.469,85.676,1779.703,6.9,0.026,8.267,55.111,5.495,0.015,62.899,0.066,,,2022-08-26,8.0
2022,Aug,27,109.234,92.625,85.448,1696.411,6.9,0.026,8.592,50.975,5.473,0.015,66.135,0.065,,,2022-08-27,8.0
2022,Aug,28,108.031,91.625,85.257,1612.423,6.9,0.027,8.383,48.563,5.476,0.015,65.757,0.058,,,2022-08-28,8.0
2022,Aug,29,109.016,92.25,85.173,1603.67,6.9,0.026,8.454,49.809,5.491,0.015,63.453,0.06,,,2022-08-29,8.0
2022,Aug,30,112.141,94.75,85.563,1703.627,6.9,0.027,8.671,52.973,5.479,0.015,65.475,0.064,,,2022-08-30,8.0
2022,Aug,31,102.453,86.438,85.832,1772.114,6.9,0.03,8.643,55.51,5.464,0.015,68.227,0.067,,,2022-08-31,8.0
2022,Sep,1,109.609,92.594,85.848,1821.361,6.9,0.032,8.66,59.77,5.5,0.015,62.401,0.071,,,2022-09-01,9.0
2022,Sep,2,108.094,91.313,86.047,1794.888,6.9,0.037,8.422,59.241,5.455,0.015,69.319,0.07,,,2022-09-02,9.0
2022,Sep,3,105.156,88.906,86.224,1723.345,6.9,0.026,8.774,54.482,5.44,0.015,71.674,0.072,,,2022-09-03,9.0
2022,Sep,4,104.078,87.969,86.26,1617.01,6.9,0.025,8.242,52.951,5.429,0.015,73.591,0.065,,,2022-09-04,9.0
2022,Sep,5,87.578,74.0,86.288,1580.958,6.9,0.028,8.072,53.941,5.45,0.016,70.081,0.064,,,2022-09-05,9.0
2022,Sep,6,82.453,69.469,86.038,1567.775,6.888,0.026,8.225,57.535,5.478,0.016,65.919,0.069,,,2022-09-06,9.0
2022,Sep,7,68.016,57.219,86.388,1712.674,6.899,0.024,8.532,69.803,5.52,0.018,60.61,0.077,,,2022-09-07,9.0
2022,Sep,8,99.5,83.969,86.762,1770.835,6.9,0.025,8.772,58.621,5.476,0.016,66.165,0.079,,,2022-09-08,9.0
2022,Sep,9,104.875,88.688,86.623,1785.772,6.9,0.026,8.314,59.21,5.447,0.015,73.269,0.074,,,2022-09-09,9.0
2022,Sep,10,106.75,90.25,86.075,1724.707,6.9,0.024,8.751,55.74,5.549,0.015,55.779,0.069,,,2022-09-10,9.0
2022,Sep,11,106.406,90.094,86.592,1611.005,6.9,0.024,8.224,48.712,5.496,0.015,63.338,0.061,,,2022-09-11,9.0
2022,Sep,12,107.828,91.219,86.493,1581.457,6.9,0.023,7.963,48.606,5.454,0.015,71.061,0.06,,,2022-09-12,9.0
2022,Sep,13,108.5,91.813,85.957,1687.629,6.9,0.023,8.123,52.464,5.479,0.015,66.503,0.064,,,2022-09-13,9.0
2022,Sep,14,105.984,89.719,85.892,1771.496,6.9,0.024,8.427,54.784,5.526,0.015,58.579,0.069,,,2022-09-14,9.0
2022,Sep,15,109.391,92.563,85.774,1755.973,6.9,0.024,8.776,53.586,5.526,0.015,58.505,0.066,,,2022-09-15,9.0
2022,Sep,16,110.313,93.313,85.469,1704.029,6.9,0.025,8.475,53.141,5.494,0.015,63.186,0.065,,,2022-09-16,9.0
2022,Sep,17,109.906,93.0,85.287,1692.463,6.9,0.024,8.524,52.078,5.463,0.015,67.856,0.062,,,2022-09-17,9.0
2022,Sep,18,106.984,90.5,85.071,1608.186,6.9,0.024,8.406,47.813,5.474,0.015,65.967,0.056,,,2022-09-18,9.0
2022,Sep,19,100.203,84.531,84.92,1603.999,6.9,0.025,8.565,49.502,5.456,0.015,69.407,0.061,,,2022-09-19,9.0
2022,Sep,20,3.266,2.656,79.845,1731.972,6.885,0.063,8.8,57.66,5.938,0.026,31.614,0.0,,,2022-09-20,9.0
2022,Sep,21,77.859,66.0,84.989,1726.373,6.9,0.026,8.737,41.917,5.43,0.018,73.399,0.069,,,2022-09-21,9.0
2022,Sep,22,86.391,73.063,85.263,1761.269,6.9,0.025,9.127,48.073,5.435,0.015,72.592,0.08,,,2022-09-22,9.0
2022,Sep,23,94.375,79.531,85.383,1779.576,6.9,0.026,8.394,53.386,5.367,0.015,84.757,0.068,,,2022-09-23,9.0
2022,Sep,24,99.469,83.875,85.468,1731.513,6.9,0.025,8.308,47.923,5.326,0.015,92.891,0.062,,,2022-09-24,9.0
2022,Sep,25,98.766,83.25,85.431,1629.009,6.9,0.024,8.251,43.772,5.304,0.015,97.6298,0.057,,,2022-09-25,9.0
2022,Sep,26,98.203,82.531,85.436,1623.196,6.9,0.025,8.394,43.007,5.311,0.015,96.027,0.06,,,2022-09-26,9.0
2022,Sep,27,96.156,80.625,85.574,1736.572,6.9,0.026,8.552,43.356,5.295,0.015,99.745,0.057,,,2022-09-27,9.0
2022,Sep,28,96.797,81.25,85.568,1784.667,6.9,0.027,8.34,43.617,5.25,0.015,110.825,0.057,,,2022-09-28,9.0
2022,Sep,29,99.25,83.219,85.403,1766.324,6.9,0.027,8.13,43.943,5.211,0.015,120.867,0.059,,,2022-09-29,9.0
2022,Sep,30,101.875,85.656,85.004,1742.399,6.899,0.031,8.189,44.391,5.243,0.015,113.492,0.057,,,2022-09-30,9.0
2022,Oct,1,103.984,87.938,84.724,1693.693,6.9,0.029,8.32,47.554,5.285,0.015,102.024,0.061,,,2022-10-01,10.0
2022,Oct,2,106.438,90.0,84.533,1618.433,6.9,0.027,8.436,46.052,5.285,0.015,102.158,0.06,,,2022-10-02,10.0
2022,Oct,3,104.984,88.844,84.551,1593.765,6.9,0.028,8.535,43.432,5.279,0.015,103.295,0.0585,,,2022-10-03,10.0
2022,Oct,4,78.484,66.406,84.797,1712.82,6.9,0.033,8.85,41.262,5.26,0.015,108.875,0.066,,,2022-10-04,10.0
2022,Oct,5,103.625,87.844,84.988,1741.652,6.9,0.029,8.607,45.316,5.272,0.015,105.081,0.072,,,2022-10-05,10.0
2022,Oct,6,104.125,87.938,85.0,1755.164,6.9,0.029,9.179,44.475,5.284,0.015,102.542,0.097,,,2022-10-06,10.0
2022,Oct,7,106.125,89.313,85.027,1728.321,6.889,0.042,8.446,41.756,5.244,0.028,112.269,0.063,,,2022-10-07,10.0
2022,Oct,8,106.641,89.75,84.867,1677.671,6.9,0.028,8.827,37.108,5.236,0.015,114.46,0.074,,,2022-10-08,10.0
2022,Oct,9,106.734,89.906,84.732,1602.385,6.9,0.025,8.646,36.176,5.251,0.015,110.81,0.058,,,2022-10-09,10.0
2022,Oct,10,106.891,89.813,84.456,1604.812,6.9,0.026,8.876,41.328,5.284,0.015,102.386,0.058,,,2022-10-10,10.0
2022,Oct,11,107.219,89.969,84.174,1716.229,6.9,0.027,9.01,44.825,5.292,0.015,100.554,0.065,,,2022-10-11,10.0
2022,Oct,12,107.047,89.781,84.525,1760.379,6.9,0.028,9.219,44.735,5.275,0.015,104.645,0.062,,,2022-10-12,10.0
2022,Oct,13,94.156,78.906,84.078,1765.92,6.9,0.026,8.895,39.871,5.239,0.015,114.738,0.057,,,2022-10-13,10.0
2022,Oct,14,112.859,95.0,83.768,1749.438,6.9,0.025,8.554,38.369,5.254,0.015,110.243,0.055,,,2022-10-14,10.0
2022,Oct,15,111.406,93.688,83.518,1692.975,6.9,0.023,8.536,35.659,5.248,0.014,111.963,0.054,,,2022-10-15,10.0
2022,Oct,16,109.844,92.375,83.291,1584.998,6.9,0.023,8.739,32.141,5.244,0.014,112.654,0.05,,,2022-10-16,10.0
2022,Oct,17,109.797,92.25,83.633,1576.14,6.9,0.022,8.833,33.61,5.244,0.014,112.59,0.05,,,2022-10-17,10.0
2022,Oct,18,106.047,88.844,83.988,1685.81,6.9,0.023,8.831,40.367,5.261,0.014,108.427,0.069,,,2022-10-18,10.0
2022,Oct,19,108.813,91.156,84.506,1752.05,6.9,0.024,8.664,41.408,5.273,0.014,105.066,0.065,,,2022-10-19,10.0
2022,Oct,20,109.953,92.406,84.457,1756.951,6.9,0.024,8.598,42.672,5.259,0.014,109.105,0.061,,,2022-10-20,10.0
2022,Oct,21,112.734,94.969,83.868,1759.384,6.9,0.024,8.579,43.245,5.173,0.015,134.233,0.058,,,2022-10-21,10.0
2022,Oct,22,110.344,92.844,83.29,1733.514,6.9,0.024,8.492,43.652,5.112,0.014,152.989,0.056,,,2022-10-22,10.0
2022,Oct,23,110.438,92.719,82.859,1651.448,6.9,0.023,8.472,36.891,5.097,0.014,157.753,0.051,,,2022-10-23,10.0
2022,Oct,24,112.094,94.25,82.67,1624.641,6.9,0.023,8.646,33.559,5.065,0.015,169.008,0.049,,,2022-10-24,10.0
2022,Oct,25,108.469,91.094,82.483,1739.083,6.9,0.024,8.916,37.266,5.069,0.014,167.923,0.055,,,2022-10-25,10.0
2022,Oct,26,110.391,92.719,82.748,1814.57,6.9,0.025,8.587,39.965,5.076,0.014,165.315,0.059,,,2022-10-26,10.0
2022,Oct,27,114.547,96.438,82.789,1802.473,6.9,0.026,8.376,40.098,5.078,0.014,164.732,0.061,,,2022-10-27,10.0
2022,Oct,28,114.594,96.219,82.703,1810.298,6.9,0.027,8.41,41.566,5.053,0.015,175.916,0.055,,,2022-10-28,10.0
2022,Oct,29,108.906,91.344,82.489,1778.88,6.9,0.026,8.567,40.792,5.02,0.015,188.311,0.055,,,2022-10-29,10.0
2022,Oct,30,109.375,91.781,82.395,1722.224,6.9,0.025,8.41,38.667,5.018,0.015,189.071,0.051,,,2022-10-30,10.0
2022,Oct,31,115.219,96.844,82.277,1672.531,6.9,0.025,8.649,39.147,5.039,0.015,179.708,0.052,,,2022-10-31,10.0
2022,Nov,1,109.172,91.781,82.14,1767.91,6.901,0.026,8.863,38.872,5.034,0.015,182.385,0.059,,,2022-11-01,11.0
2022,Nov,2,113.141,95.438,81.735,1797.151,6.9,0.025,8.914,41.192,5.014,0.015,191.003,0.061,,,2022-11-02,11.0
2022,Nov,3,112.469,94.969,80.573,1800.266,6.9,0.027,8.863,40.949,5.005,0.015,195.102,0.058,,,2022-11-03,11.0
2022,Nov,4,112.281,94.875,80.888,1810.604,6.9,0.027,8.718,40.513,5.012,0.015,192.3,0.056,,,2022-11-04,11.0
2022,Nov,5,110.797,93.563,80.759,1786.333,6.9,0.026,8.743,40.452,4.973,0.015,209.876,0.057,,,2022-11-05,11.0
2022,Nov,6,111.25,93.813,80.912,1706.465,6.9,0.026,8.75,38.696,4.993,0.015,200.593,0.053,,,2022-11-06,11.0
2022,Nov,7,115.422,97.375,80.591,1661.02,6.9,0.026,8.6,40.848,5.031,0.015,183.609,0.054,,,2022-11-07,11.0
2022,Nov,8,91.141,76.688,79.262,1706.932,6.9,0.035,8.518,43.704,4.999,0.015,190.81,0.061,,,2022-11-08,11.0
2022,Nov,9,118.672,100.0,79.262,1705.727,6.9,0.026,8.374,43.367,5.013,0.015,190.81,0.055,,,2022-11-09,11.0
2022,Nov,10,118.109,99.219,79.581,1773.812,6.899,0.028,8.361,43.893,5.018,0.015,189.389,0.056,,,2022-11-10,11.0
2022,Nov,11,110.406,92.469,79.551,1786.703,6.9,0.029,8.227,42.541,4.994,0.015,200.313,0.053,,,2022-11-11,11.0
2022,Nov,12,111.828,93.594,79.403,1735.144,6.9,0.028,8.336,41.078,4.989,0.015,202.783,0.051,,,2022-11-12,11.0
2022,Nov,13,111.469,93.281,79.265,1651.927,6.9,0.028,8.18,38.405,4.981,0.015,206.175,0.049,,,2022-11-13,11.0
2022,Nov,14,119.469,100.0,79.226,1617.111,6.897,0.029,8.38,37.739,4.981,0.013,205.83,0.048,,,2022-11-14,11.0
2022,Nov,15,108.797,90.969,79.21,1729.099,6.898,0.03,8.539,37.804,4.927,0.015,234.891,0.053,,,2022-11-15,11.0
2022,Nov,16,111.891,93.469,78.836,1771.871,6.9,0.031,8.294,40.196,4.931,0.015,230.797,0.052,,,2022-11-16,11.0
2022,Nov,17,111.016,92.75,79.08,1789.527,6.9,0.032,8.296,41.847,4.915,0.015,240.547,0.056,,,2022-11-17,11.0
2022,Nov,18,115.125,96.219,79.066,1777.984,6.9,0.032,8.382,40.495,5.062,0.015,176.382,0.064,,,2022-11-18,11.0
2022,Nov,19,86.703,72.406,79.115,1689.836,6.868,0.037,8.145,37.101,5.116,0.015,151.176,0.054,,,2022-11-19,11.0
2022,Nov,20,108.75,91.313,78.825,1592.307,6.896,0.029,8.071,32.434,5.06,0.015,171.832,0.049,,,2022-11-20,11.0
2022,Nov,21,114.531,96.25,78.786,1590.646,6.9,0.028,8.065,36.815,5.117,0.015,150.472,0.051,,,2022-11-21,11.0
2022,Nov,22,110.75,93.5,78.732,1694.002,6.9,0.029,8.316,41.491,5.127,0.015,148.276,0.059,,,2022-11-22,11.0
2022,Nov,23,108.953,92.063,78.623,1741.21,6.9,0.029,8.362,42.126,5.33,0.015,100.644,0.061,,,2022-11-23,11.0
2022,Nov,24,109.375,92.281,78.644,1721.602,6.9,0.029,8.325,41.751,5.442,0.015,71.402,0.055,,,2022-11-24,11.0
2022,Nov,25,101.766,85.688,78.55,1662.639,6.9,0.03,7.898,41.504,5.421,0.015,74.872,0.049,,,2022-11-25,11.0
2022,Nov,26,103.25,86.969,78.251,1636.773,6.9,0.031,8.267,41.068,5.435,0.015,72.606,0.048,,,2022-11-26,11.0
2022,Nov,27,106.063,89.219,78.249,1607.676,6.9,0.028,8.318,39.736,5.421,0.015,75.079,0.048,,,2022-11-27,11.0
2022,Nov,28,107.016,89.969,77.94,1605.781,6.9,0.032,8.537,40.028,5.465,0.015,67.66,0.051,,,2022-11-28,11.0
2022,Nov,29,107.125,90.0,78.016,1735.516,6.9,0.035,8.588,43.034,5.458,0.015,68.647,0.058,,,2022-11-29,11.0
2022,Nov,30,110.969,93.063,78.065,1755.156,6.9,0.039,8.472,41.229,5.438,0.015,72.186,0.057,,,2022-11-30,11.0
2022,Dec,1,109.266,91.281,77.901,1788.375,6.9,0.034,8.468,40.287,5.441,0.015,71.662,0.055,,,2022-12-01,12.0
2022,Dec,2,112.234,93.906,77.682,1761.388,6.9,0.034,8.484,37.278,5.342,0.015,90.634,0.052,,,2022-12-02,12.0
2022,Dec,3,107.25,89.594,77.933,1678.359,6.9,0.033,8.294,37.351,5.262,0.015,108.042,0.052,,,2022-12-03,12.0
2022,Dec,4,110.859,92.625,78.217,1586.157,6.9,0.032,8.332,35.795,5.27,0.015,105.75,0.05,,,2022-12-04,12.0
2022,Dec,5,36.422,30.594,75.656,1789.864,6.875,0.037,8.613,45.838,5.342,0.02,91.241,0.065,,,2022-12-05,12.0
2022,Dec,6,68.0,57.188,77.416,2258.769,6.904,0.027,7.79,57.183,5.344,0.017,89.847,0.06,,,2022-12-06,12.0
2022,Dec,7,115.828,97.281,77.473,1765.435,6.9,0.029,8.483,42.991,5.167,0.015,137.898,0.054,,,2022-12-07,12.0
2022,Dec,8,110.469,92.594,77.225,1762.206,6.9,0.027,8.485,40.432,5.082,0.015,170.254,0.052,,,2022-12-08,12.0
2022,Dec,9,111.125,93.031,76.991,1734.868,6.9,0.028,8.459,40.733,5.203,0.015,125.043,0.052,,,2022-12-09,12.0
2022,Dec,10,109.094,91.438,77.003,1678.787,6.9,0.027,8.314,37.806,5.171,0.015,137.434,0.05,,,2022-12-10,12.0
2022,Dec,11,113.359,94.906,75.882,1557.927,6.9,0.028,8.618,34.044,5.167,0.015,139.881,0.048,,,2022-12-11,12.0
2022,Dec,12,120.438,100.719,75.201,1835.589,6.9,0.026,8.027,38.103,5.204,0.015,123.434,0.044,,,2022-12-12,12.0
2022,Dec,13,122.5,102.563,75.505,2327.783,6.9,0.025,7.539,53.4895,5.2409,0.0151,113.8425,0.0496,,,2022-12-13,12.0
2022,Dec,14,125.438,105.0,76.019,2393.994,6.9,0.027,7.557,54.894,5.153,0.015,141.645,0.051,,,2022-12-14,12.0
2022,Dec,15,124.875,104.844,75.999,2383.563,6.9,0.031,7.55,55.443,5.249,0.015,110.897,0.05,,,2022-12-15,12.0
2022,Dec,16,125.109,104.969,76.267,2436.564,6.9,0.033,7.242,50.91,5.013,0.015,211.672,0.046,,,2022-12-16,12.0
2022,Dec,17,125.188,105.0,75.747,2483.544,6.9,0.034,7.035,49.638,4.955,0.016,226.872,0.045,,,2022-12-17,12.0
2022,Dec,18,125.141,104.969,75.703,2399.751,6.9,0.034,7.059,47.771,4.982,0.016,207.553,0.041,,,2022-12-18,12.0
2022,Dec,19,123.344,103.531,75.365,2376.522,6.9,0.033,7.308,46.93,4.918,0.016,249.553,0.042,,,2022-12-19,12.0
2022,Dec,20,142.141,119.563,75.314,2731.37,6.9,0.034,7.026,59.664,4.901,0.016,255.131,0.061,,,2022-12-20,12.0
2022,Dec,21,123.797,104.063,75.401,2859.419,6.9,0.033,7.067,66.053,4.946,0.016,229.039,0.068,,,2022-12-21,12.0
2022,Dec,22,130.484,109.969,75.655,2622.777,6.9,0.033,7.189,58.414,5.028,0.015,186.068,0.054,,,2022-12-22,12.0
2022,Dec,23,129.734,109.406,75.76,2599.966,6.9,0.033,7.093,60.203,5.008,0.015,197.495,0.054,,,2022-12-23,12.0
2022,Dec,24,130.5,110.031,75.986,2557.791,6.9,0.034,7.131,58.862,5.05,0.015,176.32,0.051,,,2022-12-24,12.0
2022,Dec,25,126.188,106.313,76.082,2674.324,6.9,0.033,6.629,63.797,5.037,0.015,183.283,0.047,,,2022-12-25,12.0
2022,Dec,26,109.922,92.531,75.863,2722.896,6.9,0.035,6.654,65.46,5.094,0.015,159.524,0.046,,,2022-12-26,12.0
2022,Dec,27,50.375,42.75,75.374,2322.173,6.899,0.037,7.74,58.234,5.154,0.017,138.835,0.052,,,2022-12-27,12.0
2022,Dec,28,74.781,63.375,75.78,2273.723,6.903,0.034,7.619,53.448,5.158,0.015,136.85,0.061,,,2022-12-28,12.0
2022,Dec,29,124.578,105.094,75.451,2378.448,6.9,0.033,7.448,52.202,5.139,0.015,142.881,0.043,,,2022-12-29,12.0
2022,Dec,30,130.359,110.031,75.56,2461.92,6.9,0.033,7.298,52.123,5.209,0.015,122.467,0.036,,,2022-12-30,12.0
2022,Dec,31,130.203,109.781,75.311,2403.423,6.9,0.034,7.15,50.858,5.197,0.015,125.716,0.033,,,2022-12-31,12.0
2023,Jan,1,130.344,110.0,74.071,2098.499,6.9,0.032,6.907,40.975,5.163,0.015,136.481,0.029,5.675,,2023-01-01,1.0
2023,Jan,2,130.344,110.0,74.022,2396.895,6.9,0.033,6.78,51.2994,5.2086,0.0146,121.868,0.0301,6.941,,2023-01-02,1.0
2023,Jan,3,130.359,110.031,74.537,2398.818,6.9,0.034,7.143,51.526,5.213,0.015,120.669,0.041,9.9,,2023-01-03,1.0
2023,Jan,4,130.328,109.969,74.889,2406.366,6.9,0.035,7.264,49.478,5.209,0.015,121.93,0.048,10.442,,2023-01-04,1.0
2023,Jan,5,129.922,109.781,73.985,2330.701,6.893,0.035,7.331,47.076,5.141,0.015,143.357,0.052,9.58,,2023-01-05,1.0
2023,Jan,6,129.266,109.25,74.3,2318.523,6.892,0.033,6.858,50.061,5.107,0.015,155.0,0.051,6.715,,2023-01-06,1.0
2023,Jan,7,130.109,110.0,74.542,2619.913,6.9,0.032,6.691,58.535,5.109,0.015,153.384,0.054,5.916,,2023-01-07,1.0
2023,Jan,8,129.953,109.844,74.852,2630.595,6.9,0.032,6.636,59.263,5.109,0.015,154.162,0.049,5.6,,2023-01-08,1.0
2023,Jan,9,128.641,108.719,74.353,2520.055,6.9,0.034,7.125,55.5113,5.151,0.0145,139.516,0.0386,5.907,,2023-01-09,1.0
2023,Jan,10,130.063,110.0,73.55,2327.698,6.9,0.034,7.245,48.986,5.148,0.015,139.736,0.038,5.271,,2023-01-10,1.0
2023,Jan,11,130.219,109.969,73.682,2213.206,6.9,0.036,7.382,44.209,5.126,0.015,146.641,0.039,5.217,,2023-01-11,1.0
2023,Jan,12,130.313,110.031,74.523,2382.254,6.9,0.034,7.374,49.366,5.131,0.015,145.97,0.04,6.879,,2023-01-12,1.0
2023,Jan,13,128.672,108.594,74.553,2453.769,6.9,0.035,7.608,50.094,5.04,0.015,180.182,0.044,8.09,,2023-01-13,1.0
2023,Jan,14,130.328,110.0,73.749,2430.715,6.9,0.039,7.53,47.865,5.014,0.015,190.962,0.041,8.377,,2023-01-14,1.0
2023,Jan,15,130.313,110.0,72.835,2023.988,6.9,0.04,7.691,35.694,4.986,0.015,205.594,0.034,6.526,,2023-01-15,1.0
2023,Jan,16,130.25,109.969,72.57,2163.317,6.9,0.041,7.707,36.999,4.963,0.015,216.738,0.032,6.675,,2023-01-16,1.0
2023,Jan,17,131.969,111.344,72.987,2362.723,6.9,0.034,7.956,40.96,4.943,0.014,226.773,0.039,6.789,,2023-01-17,1.0
2023,Jan,18,127.328,107.469,73.56,2647.93,6.9,0.033,7.371,47.631,4.939,0.014,227.314,0.037,10.064,,2023-01-18,1.0
2023,Jan,19,126.063,106.594,73.621,2541.377,6.9,0.036,7.706,46.902,4.965,0.014,214.462,0.038,13.448,,2023-01-19,1.0
2023,Jan,20,126.219,106.781,73.776,2370.152,6.9,0.033,7.795,46.27,4.972,0.015,210.565,0.041,14.77,,2023-01-20,1.0
2023,Jan,21,126.641,107.031,73.669,2409.734,6.9,0.033,7.789,48.369,4.944,0.015,227.314,0.038,16.455,,2023-01-21,1.0
2023,Jan,22,131.109,110.813,73.552,2315.495,6.9,0.033,7.608,45.793,4.964,0.015,217.051,0.033,16.287,,2023-01-22,1.0
2023,Jan,23,129.813,109.75,73.423,2300.76,6.9,0.033,7.545,44.893,4.987,0.015,204.348,0.032,15.66,,2023-01-23,1.0
2023,Jan,24,128.453,108.531,73.641,2417.103,6.9,0.032,7.238,47.55,4.95,0.015,223.801,0.036,15.39,,2023-01-24,1.0
2023,Jan,25,126.594,106.813,73.987,2451.866,6.9,0.033,7.379,49.352,4.993,0.015,203.404,0.04,15.757,,2023-01-25,1.0
2023,Jan,26,129.25,109.031,73.552,2518.152,6.9,0.033,7.465,50.418,5.004,0.015,195.888,0.039,14.795,,2023-01-26,1.0
2023,Jan,27,129.609,110.0,73.927,2532.802,6.9,0.032,7.509,48.373,5.085,0.015,168.44,0.039,14.948,,2023-01-27,1.0
2023,Jan,28,129.625,110.0,73.797,2475.042,6.9,0.033,7.517,46.024,5.192,0.015,126.891,0.037,15.565,,2023-01-28,1.0
2023,Jan,29,129.609,109.938,73.51,2389.696,6.9,0.033,7.565,44.225,5.207,0.015,122.238,0.035,15.082,,2023-01-29,1.0
2023,Jan,30,129.609,109.969,73.755,2316.215,6.9,0.033,7.789,42.734,5.2,0.015,124.06,0.034,15.175,,2023-01-30,1.0
2023,Jan,31,129.594,109.938,73.651,2371.528,6.9,0.034,7.967,43.549,5.164,0.015,136.09,0.039,13.814,,2023-01-31,1.0
2023,Feb,1,129.656,110.0,73.749,2393.476,6.9,0.033,7.909,44.697,5.155,0.015,138.309,0.039,13.201,,2023-02-01,2.0
2023,FEb,2,129.969,110.0,73.954,2357.914,6.9,0.033,7.743,44.075,5.17,0.015,134.089,0.041,13.526,,2023-02-02,2.0
2023,Feb,3,129.922,110.0,74.022,2418.196,6.9,0.034,7.521,45.932,5.158,0.015,137.299,0.039,12.611,,2023-02-03,2.0
2023,Feb,4,129.938,110.0,74.022,2413.258,6.9,0.033,7.559,47.29,5.146,0.015,141.66,0.038,11.283,,2023-02-04,2.0
2023,Feb,5,130.094,110.0,74.045,2321.126,6.9,0.033,7.613,45.357,5.172,0.015,132.674,0.035,11.014,,2023-02-05,2.0
2023,Feb,6,130.063,109.906,74.053,2298.522,6.9,0.033,7.759,46.276,5.152,0.015,139.681,0.037,10.788,,2023-02-06,2.0
2023,Feb,7,130.109,110.0,74.244,2354.988,6.9,0.034,7.905,47.894,5.145,0.015,144.526,0.042,8.094,,2023-02-07,2.0
2023,Feb,8,130.125,110.0,74.465,2377.844,6.901,0.034,7.927,48.699,5.154,0.015,138.884,0.042,13.138,,2023-02-08,2.0
2023,Feb,9,130.031,110.0,74.634,2472.228,6.9,0.034,8.247,51.037,5.175,0.015,132.324,0.047,17.848,,2023-02-09,2.0
2023,Feb,10,129.984,109.906,74.716,2487.0,6.9,0.035,7.91,51.037,5.175,0.015,132.721,0.043,19.987,,2023-02-10,2.0
2023,Feb,11,130.063,109.969,74.149,2471.776,6.9,0.035,7.889,50.082,5.198,0.015,125.311,0.042,19.99,,2023-02-11,2.0
2023,Feb,12,129.922,110.0,73.842,2353.887,6.9,0.034,7.975,44.231,5.197,0.015,125.123,0.036,19.83,,2023-02-12,2.0
2023,Feb,13,127.984,108.375,73.951,2308.463,6.9,0.034,7.983,44.284,5.218,0.015,119.174,0.035,19.472,,2023-02-13,2.0
2023,Feb,14,129.578,109.906,73.449,2375.677,6.9,0.035,7.858,44.872,5.214,0.015,120.368,0.038,16.022,,2023-02-14,2.0
2023,Feb,15,129.422,110.0,73.195,2461.652,6.9,0.035,7.44,47.803,5.168,0.015,134.273,0.036,14.281,,2023-02-15,2.0
2023,Feb,16,128.156,108.344,73.332,2474.319,6.9,0.036,7.824,47.696,5.165,0.015,134.903,0.037,13.045,,2023-02-16,2.0
2023,Feb,17,130.563,110.0,73.591,2536.57,6.9,0.041,8.035,46.854,5.136,0.015,144.337,0.041,12.829,,2023-02-17,2.0
2023,Feb,18,128.781,108.5,73.758,2551.793,6.9,0.039,7.789,47.678,5.132,0.015,145.486,0.037,10.796,,2023-02-18,2.0
2023,Feb,19,128.906,108.844,73.79,2471.256,6.9,0.035,7.687,47.012,5.135,0.015,144.943,0.032,10.562,,2023-02-19,2.0
2023,Feb,20,129.813,110.0,74.143,2433.777,6.9,0.037,7.816,47.538,5.139,0.015,144.215,0.034,9.738,,2023-02-20,2.0
2023,Feb,21,129.813,110.0,73.931,2382.613,6.9,0.037,7.93,45.776,5.112,0.015,152.86,0.037,8.098,,2023-02-21,2.0
2023,Feb,22,75.859,64.156,73.011,1992.638,6.9,0.033,8.544,36.259,5.064,0.015,171.16,0.045,7.003,,2023-02-22,2.0
2023,Feb,23,94.344,80.0,73.083,1794.804,6.9,0.033,8.673,34.113,4.869,0.015,293.483,0.038,6.714,,2023-02-23,2.0
2023,Feb,24,94.328,80.0,72.645,1722.21,6.9,0.032,8.782,33.187,4.973,0.015,233.126,0.036,6.426,,2023-02-24,2.0
2023,Feb,25,97.922,83.094,70.386,1471.594,6.9,0.031,8.091,25.87,5.022,0.015,194.255,0.03,4.6,,2023-02-25,2.0
2023,Feb,26,104.234,88.219,71.049,1574.116,6.9,0.031,8.296,27.82,5.107,0.015,153.38,0.033,3.617,,2023-02-26,2.0
2023,Feb,27,106.234,90.0,72.388,1833.099,6.9,0.03,8.531,34.907,5.126,0.015,147.388,0.036,5.488,,2023-02-27,2.0
2023,Feb,28,106.313,90.0,72.784,1837.021,6.9,0.031,8.576,36.001,5.077,0.015,167.453,0.038,6.064,,2023-02-28,2.0
2023,Mar,1,105.969,90.0,71.843,1711.289,6.9,0.032,8.488,31.737,5.076,0.015,165.819,0.036,5.242,,2023-03-01,3.0
2023,Mar,2,105.656,89.813,72.373,1720.59,6.9,0.032,8.428,31.096,5.09,0.015,160.437,0.036,4.707,,2023-03-02,3.0
2023,Mar,3,79.609,67.813,73.069,1738.164,6.9,0.032,8.775,32.309,5.431,0.015,88.817,0.04,5.601,,2023-03-03,3.0
2023,Mar,4,64.484,55.0,72.94,1708.163,6.9,0.032,8.757,31.544,5.633,0.015,46.0,0.039,5.943,,2023-03-04,3.0
2023,Mar,5,64.484,54.969,72.931,1638.275,6.9,0.032,8.68,30.136,5.631,0.015,46.155,0.035,5.224,,2023-03-05,3.0
2023,Mar,6,64.5,55.031,73.178,1641.652,6.9,0.032,9.074,30.701,5.632,0.015,46.05,0.038,5.56,,2023-03-06,3.0
2023,Mar,7,64.406,54.969,73.357,1657.521,6.9,0.033,9.283,31.926,5.627,0.015,46.616,0.044,5.669,,2023-03-07,3.0
2023,Mar,8,64.609,54.969,73.23,1692.858,6.9,0.034,8.91,33.575,5.627,0.015,46.605,0.042,6.55,,2023-03-08,3.0
2023,Mar,9,65.094,55.0,73.602,1708.768,6.9,0.034,8.911,31.766,5.609,0.015,48.867,0.043,6.632,,2023-03-09,3.0
2023,Mar,10,65.219,55.0,73.219,1643.745,6.9,0.035,9.007,28.654,5.192,0.015,155.395,0.04,6.151,,2023-03-10,3.0
2023,Mar,11,65.203,54.969,73.38,1530.57,6.9,0.035,8.879,23.588,4.966,0.015,212.762,0.035,5.131,,2023-03-11,3.0
2023,Mar,12,62.438,52.75,73.997,1579.406,6.9,0.034,9.226,24.581,4.95,0.015,221.637,0.041,4.697,,2023-03-12,3.0
2023,Mar,13,67.766,57.469,74.174,1594.363,6.898,0.034,9.641,27.369,4.972,0.015,209.762,0.044,4.777,,2023-03-13,3.0
2023,Mar,14,70.594,60.0,73.879,1745.792,6.9,0.034,9.233,30.931,4.964,0.015,213.455,0.044,5.734,,2023-03-14,3.0
2023,Mar,15,70.672,59.969,72.033,1716.037,6.9,0.033,8.331,29.355,4.937,0.015,228.283,0.039,5.517,,2023-03-15,3.0
2023,Mar,16,70.516,60.0,72.492,1893.121,6.9,0.034,8.757,35.684,4.999,0.015,197.399,0.046,5.131,,2023-03-16,3.0
2023,Mar,17,70.672,59.938,73.454,2043.527,6.9,0.033,8.449,32.274,4.878,0.015,262.911,0.048,5.12,,2023-03-17,3.0
2023,Mar,18,70.516,60.0,74.096,2056.064,6.9,0.034,8.369,31.448,4.788,0.015,322.847,0.061,3.409,,2023-03-18,3.0
2023,Mar,19,70.531,60.0,73.845,2013.329,6.9,0.035,8.303,31.494,4.814,0.015,304.15,0.053,3.919,,2023-03-19,3.0
2023,Mar,20,73.828,62.531,73.803,2000.487,6.9,0.035,8.421,37.645,4.875,0.015,263.182,0.058,5.322,,2023-03-20,3.0
2023,Mar,21,76.734,65.0,72.69,1988.447,6.9,0.034,8.081,37.994,4.784,0.015,335.992,0.058,7.209,,2023-03-21,3.0
2023,Mar,22,76.734,65.0,72.128,1869.054,6.901,0.034,7.824,31.952,4.794,0.015,318.759,0.038,5.803,,2023-03-22,3.0
2023,Mar,23,76.797,64.969,72.773,2038.297,6.9,0.034,7.822,36.385,4.808,0.015,305.804,0.039,4.847,,2023-03-23,3.0
2023,Mar,24,76.781,65.0,73.219,2103.535,6.9,0.034,7.879,40.993,5.35,0.015,138.392,0.042,3.493,,2023-03-24,3.0
2023,Mar,25,76.75,65.0,73.46,2092.942,6.9,0.034,7.759,40.38,5.637,0.015,45.357,0.04,3.084,,2023-03-25,3.0
2023,Mar,26,76.547,65.0,73.348,2015.818,6.9,0.035,7.765,38.262,5.639,0.015,45.243,0.037,2.488,,2023-03-26,3.0
2023,Mar,27,76.578,64.938,73.777,1968.386,6.9,0.035,7.955,37.838,5.648,0.015,44.298,0.037,2.632,,2023-03-27,3.0
2023,Mar,28,76.531,65.0,74.019,2004.561,6.9,0.035,7.903,38.474,5.634,0.015,45.868,0.045,2.157,,2023-03-28,3.0
2023,Mar,29,76.547,65.0,73.535,1918.469,6.9,0.034,7.907,36.492,5.619,0.015,47.888,0.045,2.658,,2023-03-29,3.0
2023,Mar,30,76.656,64.969,72.916,1957.506,6.9,0.035,7.776,35.647,5.626,0.015,47.045,0.0526,2.976,,2023-03-30,3.0
2023,Mar,31,73.406,61.688,73.292,2009.288,6.9,0.034,7.659,36.401,5.247,0.015,134.855,0.054,1.915,,2023-03-31,3.0
2023,Apr,1,71.422,60.0,73.792,2016.652,6.9,0.034,7.644,34.363,4.954,0.015,219.896,0.052,1.571,,2023-04-01,4.0
2023,Apr,2,64.813,54.563,74.043,1926.228,6.9,0.033,7.662,28.978,4.949,0.015,222.036,0.048,1.471,,2023-04-02,4.0
2023,Apr,3,53.328,44.906,73.845,1936.526,6.9,0.033,7.575,26.717,4.953,0.015,219.734,0.049,1.403,,2023-04-03,4.0
2023,Apr,4,53.188,44.938,73.085,1985.57,6.9,0.034,7.664,26.988,4.898,0.015,249.628,0.052,1.714,,2023-04-04,4.0
2023,Apr,5,53.281,45.0,73.887,1994.939,6.9,0.035,7.592,27.671,4.93,0.015,231.722,0.049,1.658,,2023-04-05,4.0
2023,Apr,6,35.703,30.063,73.926,2097.774,6.864,0.05,7.91,62.191,4.925,0.016,9893.039,0.031,1.514,,2023-04-06,4.0
2023,Apr,7,53.031,44.969,74.727,1682.526,6.896,0.032,7.861,46.564,5.141,0.015,151.665,0.051,0.92,,2023-04-07,4.0
2023,Apr,8,53.047,45.031,74.678,1792.15,6.876,0.031,7.744,51.222,5.284,0.015,102.421,0.051,0.342,,2023-04-08,4.0
2023,Apr,9,52.953,44.969,74.96,1883.856,6.896,0.03,7.499,51.203,5.219,0.015,120.659,0.04,0.398,,2023-04-09,4.0
2023,Apr,10,61.266,51.875,74.92,1926.537,6.896,0.032,7.694,50.985,5.257,0.015,109.085,0.047,0.444,,2023-04-10,4.0
2023,Apr,11,76.781,65.0,74.935,1959.775,6.896,0.032,8.133,49.359,5.277,0.015,103.98,0.047,0.447,,2023-04-11,4.0
2023,Apr,12,76.594,65.0,75.04,2008.512,6.896,0.031,7.945,45.597,5.243,0.015,112.356,0.042,0.423,,2023-04-12,4.0
2023,Apr,13,76.578,64.969,74.841,1902.329,6.896,0.03,8.017,43.78,5.63,0.015,55.917,0.041,0.262,,2023-04-13,4.0
2023,Apr,14,94.813,80.313,75.244,1739.479,6.896,0.031,8.187,34.291,5.822,0.015,29.681,0.043,0.222,,2023-04-14,4.0
2023,Apr,15,76.75,65.0,75.497,1697.569,6.896,0.029,8.173,26.521,5.764,0.015,33.906,0.038,0.142,,2023-04-15,4.0
2023,Apr,16,76.797,64.969,75.487,1624.484,6.896,0.028,8.089,25.637,5.754,0.015,34.716,0.036,0.149,,2023-04-16,4.0
2023,Apr,17,48.422,40.719,74.549,1578.449,6.875,0.034,8.582,43.829,5.861,0.016,28.072,0.043,0.203,,2023-04-17,4.0
2023,Apr,18,40.125,32.781,74.209,2603.56,6.852,0.042,8.519,77.271,5.836,0.017,381.133,0.068,0.236,,2023-04-18,4.0
2023,Apr,19,118.203,100.0,75.879,1709.793,6.9,0.03,8.282,36.822,5.832,0.015,29.004,0.043,0.188,,2023-04-19,4.0
2023,Apr,20,118.203,99.969,76.05,1969.955,6.9,0.03,8.084,43.959,5.858,0.015,27.449,0.049,0.136,,2023-04-20,4.0
2023,Apr,21,118.438,99.969,76.658,2169.063,6.9,0.031,7.85,47.998,5.309,0.015,129.507,0.056,1.443,,2023-04-21,4.0
2023,Apr,22,118.547,100.031,76.653,2236.397,6.9,0.03,7.697,48.25,4.98,0.015,218.847,0.051,3.143,,2023-04-22,4.0
2023,Apr,23,118.531,99.969,76.486,2148.864,6.9,0.03,7.702,46.12,4.995,0.015,206.461,0.039,4.254,,2023-04-23,4.0
2023,Apr,24,123.203,103.938,76.323,2164.772,6.9,0.031,7.729,47.517,5.114,0.015,151.324,0.039,5.433,,2023-04-24,4.0
2023,Apr,25,130.328,110.0,76.671,2217.078,6.9,0.031,7.592,50.233,5.127,0.015,146.99,0.045,5.816,,2023-04-25,4.0
2023,Apr,26,122.547,103.406,76.784,2208.844,6.9,0.031,7.7,52.874,5.13,0.015,146.462,0.048,5.456,,2023-04-26,4.0
2023,Apr,27,122.547,103.313,76.604,2205.797,6.9,0.032,7.69,50.565,5.092,0.015,159.338,0.045,6.532,,2023-04-27,4.0
2023,Apr,28,130.375,109.969,76.732,2256.451,6.9,0.031,7.739,50.893,5.167,0.015,135.126,0.046,7.174,,2023-04-28,4.0
2023,Apr,29,130.484,110.0,76.832,2277.748,6.9,0.031,7.563,51.213,5.211,0.015,121.147,0.045,7.278,,2023-04-29,4.0
2023,Apr,30,130.297,109.906,76.717,2220.366,6.9,0.03,7.509,49.79,5.2,0.015,124.16,0.042,7.568,,2023-04-30,4.0
2023,May,1,116.281,98.094,76.546,2380.687,6.9,0.03,7.204,54.767,5.232,0.015,115.347,0.041,8.17,,2023-05-01,5.0
2023,May,2,97.438,81.813,76.705,2328.176,6.9,0.03,7.869,54.321,5.258,0.015,108.613,0.053,9.558,,2023-05-02,5.0
2023,May,3,113.016,95.219,76.701,2152.427,6.9,0.031,8.27,48.556,5.229,0.015,116.25,0.051,8.578,,2023-05-03,5.0
2023,May,4,120.141,101.281,76.134,2096.626,6.9,0.031,8.474,44.198,5.191,0.015,127.362,0.05,8.685,,2023-05-04,5.0
2023,May,5,128.266,108.594,76.349,2159.791,6.9,0.03,7.684,43.145,5.215,0.015,119.73,0.044,6.589,,2023-05-05,5.0
2023,May,6,129.734,110.0,76.615,2239.3,6.9,0.03,7.346,44.342,5.21,0.015,121.275,0.041,6.156,,2023-05-06,5.0
2023,May,7,129.703,109.969,76.731,2190.823,6.9,0.03,7.347,43.617,5.217,0.015,119.198,0.04,5.52,,2023-05-07,5.0
2023,May,8,129.891,109.938,77.139,2173.388,6.9,0.03,7.448,45.938,5.215,0.015,119.683,0.042,4.811,,2023-05-08,5.0
2023,May,9,133.719,113.156,77.201,2255.937,6.9,0.03,7.348,50.132,5.221,0.015,118.468,0.046,5.031,,2023-05-09,5.0
2023,May,10,135.563,115.0,76.932,2323.594,6.9,0.03,7.164,52.47,5.216,0.015,119.398,0.046,4.161,,2023-05-10,5.0
2023,May,11,135.813,114.969,77.269,2359.604,6.9,0.03,7.063,52.623,5.223,0.015,117.4,0.047,4.803,,2023-05-11,5.0
2023,May,12,135.672,115.031,77.308,2326.399,6.9,0.03,7.068,52.016,5.214,0.015,119.998,0.047,5.966,,2023-05-12,5.0
2023,May,13,135.5,114.969,77.575,2352.235,6.9,0.03,7.059,53.773,5.218,0.015,118.934,0.045,6.138,,2023-05-13,5.0
2023,May,14,135.375,115.0,77.585,2234.358,6.9,0.03,7.153,52.302,5.227,0.015,116.642,0.042,6.111,,2023-05-14,5.0
2023,May,15,133.594,113.531,77.708,2258.185,6.9,0.031,8.146,52.481,5.248,0.015,111.096,0.087,7.042,,2023-05-15,5.0
2023,May,16,133.578,113.594,77.995,2253.522,6.9,0.031,7.647,50.425,5.226,0.015,116.786,0.051,6.186,,2023-05-16,5.0
2023,May,17,134.547,114.188,77.917,2297.243,6.9,0.031,7.229,50.706,5.218,0.015,119.212,0.048,6.021,,2023-05-17,5.0
2023,May,18,127.422,107.969,77.914,2092.208,6.9,0.031,7.496,44.805,5.201,0.015,123.697,0.048,4.426,,2023-05-18,5.0
2023,May,19,129.922,110.0,77.755,2306.649,6.9,0.032,7.142,51.879,5.239,0.014,113.798,0.045,4.668,,2023-05-19,5.0
2023,May,20,129.922,110.0,77.912,2309.924,6.9,0.032,7.127,53.144,5.233,0.015,115.188,0.044,4.224,,2023-05-20,5.0
2023,May,21,129.891,109.969,77.963,2173.331,6.9,0.032,7.114,50.302,5.241,0.015,112.879,0.041,4.179,,2023-05-21,5.0
2023,May,22,129.938,110.0,78.201,2207.724,6.9,0.03,7.129,50.463,5.237,0.015,113.716,0.04,4.097,,2023-05-22,5.0
2023,May,23,129.828,110.0,77.884,2258.132,6.9,0.031,7.344,50.967,5.242,0.015,112.505,0.106,3.866,,2023-05-23,5.0
2023,May,24,129.875,110.0,77.679,2297.383,6.9,0.032,7.489,51.582,5.255,0.015,109.095,0.054,3.863,,2023-05-24,5.0
2023,May,25,129.828,110.0,77.645,2331.515,6.9,0.03,7.511,52.057,5.251,0.015,110.693,0.043,3.574,,2023-05-25,5.0
2023,May,26,129.859,109.969,77.593,2342.466,6.9,0.034,7.509,52.264,5.164,0.014,135.88,0.043,3.63,,2023-05-26,5.0
2023,May,27,129.906,110.0,77.99,2351.538,6.9,0.03,7.452,52.551,5.128,0.015,146.656,0.043,4.691,,2023-05-27,5.0
2023,May,28,129.672,109.969,77.756,2256.615,6.899,0.03,7.573,51.141,5.143,0.015,141.28,0.04,5.7,,2023-05-28,5.0
2023,May,29,129.578,109.906,77.689,2331.67,6.9,0.03,7.25,54.932,5.154,0.015,137.675,0.037,5.311,,2023-05-29,5.0
2023,May,30,115.906,98.156,77.721,2137.71,6.9,0.03,7.845,47.84,5.175,0.015,131.078,0.039,4.753,,2023-05-30,5.0
2023,May,31,28.813,24.25,73.57,2147.034,6.864,0.041,7.798,52.829,5.22,0.015,123.024,0.054,6.175,,2023-05-31,5.0
2023,Jun,1,125.453,106.438,77.925,2301.549,6.9,0.031,7.483,50.961,5.126,0.015,147.09,0.045,4.781,,2023-06-01,6.0
2023,Jun,2,135.547,115.0,78.118,2366.065,6.9,0.03,7.197,55.467,5.172,0.015,132.458,0.046,3.626,,2023-06-02,6.0
2023,Jun,3,135.578,115.0,78.259,2310.146,6.9,0.03,7.316,54.486,5.176,0.015,131.256,0.046,0.64,,2023-06-03,6.0
2023,Jun,4,135.594,115.0,78.143,2221.301,6.9,0.03,7.319,52.136,5.179,0.015,130.278,0.041,0.842,,2023-06-04,6.0
2023,Jun,5,135.547,115.0,77.905,2238.84,6.9,0.03,7.314,52.348,5.162,0.015,135.271,0.04,0.555,,2023-06-05,6.0
2023,Jun,6,135.594,114.969,77.884,2312.585,6.9,0.03,7.35,53.457,5.16,0.015,136.181,0.045,0.536,,2023-06-06,6.0
2023,Jun,7,133.359,112.906,78.323,2348.991,6.9,0.03,7.18,54.634,5.146,0.015,140.678,0.044,0.545,,2023-06-07,6.0
2023,Jun,8,130.625,110.781,78.401,2327.835,6.9,0.03,7.503,56.762,5.161,0.015,135.967,0.048,0.528,,2023-06-08,6.0
2023,Jun,9,129.188,109.656,78.234,2254.046,6.9,0.031,7.296,55.463,5.125,0.015,147.463,0.049,0.544,,2023-06-09,6.0
2023,Jun,10,127.609,108.375,78.262,2210.105,6.9,0.031,7.16,53.802,5.085,0.015,161.356,0.047,0.555,,2023-06-10,6.0
2023,Jun,11,129.609,110.0,78.559,2134.842,6.9,0.03,7.096,52.888,5.095,0.015,158.226,0.044,0.554,,2023-06-11,6.0
2023,Jun,12,106.859,90.625,78.23,2170.076,6.869,0.033,7.145,64.386,5.055,0.015,1640.861,0.047,0.555,,2023-06-12,6.0
2023,Jun,13,126.125,107.094,78.66,2159.643,6.9,0.029,7.246,54.395,5.083,0.015,162.548,0.049,0.56,,2023-06-13,6.0
2023,Jun,14,127.266,108.031,78.472,2142.957,6.9,0.029,7.025,53.136,5.08,0.015,163.47,0.047,0.568,,2023-06-14,6.0
2023,Jun,15,129.938,110.313,78.494,2248.684,6.9,0.03,6.909,56.037,5.088,0.015,160.654,0.046,2.117,,2023-06-15,6.0
2023,Jun,16,133.297,113.219,78.943,2303.201,6.9,0.03,6.898,58.232,5.072,0.014,166.473,0.046,2.989,,2023-06-16,6.0
2023,Jun,17,133.156,113.125,79.135,2236.519,6.9,0.029,7.074,55.723,5.031,0.015,184.044,0.047,3.064,,2023-06-17,6.0
2023,Jun,18,135.359,114.969,78.791,2212.114,6.9,0.029,6.884,55.045,5.038,0.015,181.022,0.043,3.038,,2023-06-18,6.0
2023,Jun,19,133.453,113.344,79.139,2315.521,6.9,0.03,6.813,57.748,5.072,0.015,166.488,0.042,2.959,,2023-06-19,6.0
2023,Jun,20,131.328,111.469,79.094,2270.22,6.899,0.03,7.116,55.876,5.097,0.015,157.69,0.047,2.932,,2023-06-20,6.0
2023,Jun,21,129.594,109.938,79.287,2317.089,6.9,0.029,7.077,57.143,5.077,0.015,165.912,0.047,2.368,,2023-06-21,6.0
2023,Jun,22,128.594,109.063,79.089,2258.291,6.9,0.03,7.21,55.325,5.077,0.015,165.641,0.046,1.524,,2023-06-22,6.0
2023,Jun,23,127.797,108.406,78.997,2311.789,6.9,0.03,7.069,56.742,5.154,0.014,139.492,0.046,1.535,,2023-06-23,6.0
2023,Jun,24,129.719,110.0,79.032,2297.25,6.9,0.03,7.008,56.646,5.186,0.015,128.134,0.048,1.557,,2023-06-24,6.0
2023,Jun,25,129.656,109.969,79.219,2260.592,6.9,0.03,6.903,56.184,5.181,0.015,129.545,0.042,1.539,,2023-06-25,6.0
2023,Jun,26,132.0,112.0,79.214,2269.223,6.9,0.03,7.105,57.25,5.165,0.015,135.299,0.044,1.545,,2023-06-26,6.0
2023,Jun,27,135.078,114.719,79.453,2299.361,6.9,0.03,7.167,58.539,5.157,0.015,137.113,0.048,1.565,,2023-06-27,6.0
2023,Jun,28,132.234,112.313,79.347,2289.232,6.9,0.031,7.063,57.794,5.19,0.015,126.927,0.048,1.566,,2023-06-28,6.0
2023,Jun,29,131.344,111.5,79.693,2304.123,6.9,0.03,7.049,58.269,5.197,0.015,124.775,0.054,2.805,,2023-06-29,6.0
2023,Jun,30,135.234,115.0,79.884,2329.041,6.9,0.03,6.855,59.898,4.935,0.015,245.682,0.058,3.836,,2023-06-30,6.0
2023,Jul,1,135.25,115.0,79.915,2276.721,6.9,0.029,6.873,58.347,4.837,0.015,286.317,0.058,3.927,,2023-07-01,7.0
2023,Jul,2,135.266,115.0,79.994,2242.186,6.9,0.029,6.777,57.945,4.841,0.015,283.233,0.055,3.921,,2023-07-02,7.0
2023,Jul,3,134.219,114.156,79.851,2299.975,6.9,0.029,6.764,60.3824,4.8465,0.0146,279.8203,0.053,3.882,,2023-07-03,7.0
2023,Jul,4,135.25,114.969,79.918,2345.672,6.9,0.029,6.848,61.289,4.846,0.015,280.19,0.056,3.765,,2023-07-04,7.0
2023,Jul,5,134.109,113.875,79.841,2329.761,6.9,0.029,6.601,61.893,4.9948,0.0146,220.4615,0.0536,3.826,,2023-07-05,7.0
2023,Jul,6,133.609,113.5,79.942,2415.884,6.9,0.031,7.217,62.5642,5.2702,0.0146,106.0226,0.054,3.773,,2023-07-06,7.0
2023,Jul,7,134.984,114.688,80.185,2407.167,6.9,0.03,7.607,62.22,5.462,0.0145,72.803,0.06,3.769,,2023-07-07,7.0
2023,Jul,8,135.359,115.0,80.266,2473.672,6.9,0.029,7.219,64.7052,5.5431,0.0146,56.3919,0.0519,3.844,,2023-07-08,7.0
2023,Jul,9,135.328,114.969,80.25,2364.313,6.9,0.029,7.159,62.0042,5.5417,0.0146,56.4698,0.047,3.808,,2023-07-09,7.0
2023,Jul,10,135.391,115.031,80.644,2292.494,6.9,0.029,7.241,60.406,5.547,0.015,55.777,0.047,3.985,,2023-07-10,7.0
2023,Jul,11,129.188,109.844,80.972,2355.771,6.9,0.03,7.322,62.699,5.556,0.015,54.738,0.054,3.835,,2023-07-11,7.0
2023,Jul,12,125.141,106.625,81.34,2379.551,6.9,0.03,7.303,64.581,5.56,0.015,54.482,0.054,3.87,,2023-07-12,7.0
2023,Jul,13,125.531,107.031,81.509,2366.067,6.9,0.03,7.625,63.33,5.557,0.015,54.674,0.065,3.899,,2023-07-13,7.0
2023,Jul,14,125.953,107.375,81.463,2384.071,6.9,0.03,7.527,63.953,5.572,0.015,52.989,0.062,3.876,,2023-07-14,7.0
2023,Jul,15,128.016,109.063,81.415,2366.689,6.9,0.03,7.484,63.992,5.589,0.015,50.744,0.057,3.867,,2023-07-15,7.0
2023,Jul,16,117.719,100.313,81.443,2251.888,6.9,0.03,7.543,57.807,5.6,0.015,49.375,0.053,4.081,,2023-07-16,7.0
2023,Jul,17,118.141,100.594,81.632,2272.064,6.9,0.03,7.483,59.17,5.598,0.015,49.512,0.054,3.821,,2023-07-17,7.0
2023,Jul,18,122.281,104.094,81.99,2366.253,6.9,0.03,7.553,64.072,5.574,0.015,52.564,0.065,3.97,,2023-07-18,7.0
2023,Jul,19,131.797,112.531,82.182,2429.717,6.9,0.03,7.352,65.945,5.582,0.015,51.516,0.063,3.929,,2023-07-19,7.0
2023,Jul,20,123.016,104.906,82.293,2373.126,6.9,0.03,7.618,63.852,5.59,0.015,50.694,0.069,4.082,,2023-07-20,7.0
2023,Jul,21,130.453,111.375,82.113,2408.826,6.9,0.03,7.038,65.447,5.41,0.015,79.488,0.058,4.416,,2023-07-21,7.0
2023,Jul,22,134.656,114.906,82.03,2445.583,6.9,0.029,6.879,66.703,5.3,0.015,98.524,0.06,4.49,,2023-07-22,7.0
2023,Jul,23,134.703,114.969,82.098,2400.095,6.9,0.03,6.78,65.3747,5.287,0.0146,101.4202,0.0534,4.415,,2023-07-23,7.0
2023,Jul,24,133.016,113.531,82.19,2384.863,6.9,0.03,6.874,65.276,5.315,0.015,95.378,0.053,4.746,,2023-07-24,7.0
2023,Jul,25,134.578,114.813,82.558,2415.929,6.9,0.03,7.199,66.64,5.331,0.015,91.92,0.062,4.217,,2023-07-25,7.0
2023,Jul,26,134.719,114.938,82.961,2415.282,6.901,0.03,6.959,66.77,5.322,0.015,94.02,0.057,4.182,,2023-07-26,7.0
2023,Jul,27,136.078,116.031,82.982,2437.121,6.9,0.03,6.925,67.177,5.281,0.015,103.078,0.057,4.171,,2023-07-27,7.0
2023,Jul,28,140.469,119.813,82.81,2403.807,6.9,0.03,6.793,66.538,5.301,0.014,98.256,0.055,3.964,,2023-07-28,7.0
2023,Jul,29,138.75,118.281,82.687,2388.749,6.9,0.03,6.721,68.199,5.307,0.015,97.074,0.051,4.114,,2023-07-29,7.0
2023,Jul,30,136.063,116.031,82.895,2369.458,6.9,0.03,6.597,66.395,5.291,0.015,100.703,0.049,4.228,,2023-07-30,7.0
2023,Jul,31,136.625,116.094,83.105,2383.058,6.9,0.03,6.696,65.953,5.307,0.015,97.358,0.049,4.151,,2023-07-31,7.0
2023,Aug,1,136.438,115.781,83.29,2470.845,6.9,0.03,6.882,67.835,5.321,0.015,94.017,0.054,4.258,,2023-08-01,8.0
2023,Aug,2,135.594,114.906,83.262,2547.519,6.9,0.031,6.741,69.641,5.286,0.015,101.629,0.054,4.321,,2023-08-02,8.0
2023,Aug,3,135.453,114.938,82.869,2545.966,6.9,0.03,6.83,73.846,5.293,0.015,100.706,0.055,4.15,,2023-08-03,8.0
2023,Aug,4,135.484,114.969,82.759,2515.014,6.9,0.03,6.691,70.256,5.079,0.015,180.53,0.052,4.296,,2023-08-04,8.0
2023,Aug,5,135.5,115.0,83.067,2493.865,6.9,0.03,6.582,70.339,4.877,0.016,260.512,0.054,4.264,,2023-08-05,8.0
2023,Aug,6,135.25,114.969,83.046,2335.077,6.9,0.03,6.701,67.681,4.891,0.016,252.565,0.051,4.459,,2023-08-06,8.0
2023,Aug,7,127.828,108.5,83.18,1907.011,6.9,0.03,7.391,52.198,4.859,0.016,271.6,0.051,4.498,,2023-08-07,8.0
2023,Aug,8,110.234,93.125,83.482,1724.344,6.9,0.03,7.934,46.589,4.855,0.016,274.328,0.057,4.711,,2023-08-08,8.0
2023,Aug,9,111.641,94.469,83.494,1722.458,6.9,0.031,4.815,47.289,4.852,0.016,276.448,0.059,7.9,,2023-08-09,8.0
2023,Aug,10,118.141,99.969,83.471,1713.144,6.9,0.031,7.648,46.753,5.15,0.016,171.697,0.056,5.308,,2023-08-10,8.0
2023,Aug,11,117.984,99.969,83.498,1641.185,6.9,0.03,7.537,43.779,5.261,0.016,109.383,0.057,7.885,,2023-08-11,8.0
2023,Aug,12,112.75,95.813,83.494,1603.339,6.9,0.03,7.65,43.755,5.202,0.016,123.666,0.059,6.175,,2023-08-12,8.0
2023,Aug,13,110.484,94.25,83.494,1527.136,6.9,0.03,7.635,40.235,5.197,0.016,123.666,0.054,5.896,,2023-08-13,8.0
2023,Aug,14,109.75,93.75,83.341,1522.466,6.9,0.031,7.748,37.664,5.183,0.016,128.71,0.06,5.152,,2023-08-14,8.0
2023,Aug,15,111.594,94.969,83.576,1581.149,6.9,0.031,7.835,36.759,5.163,0.016,135.082,0.064,4.696,,2023-08-15,8.0
2023,Aug,16,115.734,98.313,83.854,1632.404,6.9,0.032,7.775,37.385,5.127,0.016,147.374,0.065,4.243,,2023-08-16,8.0
2023,Aug,17,113.422,96.281,83.588,1609.693,6.9,0.031,7.662,36.913,5.113,0.016,153.891,0.066,5.788,,2023-08-17,8.0
2023,Aug,18,112.625,95.406,83.504,1609.044,6.9,0.032,7.889,37.443,5.127,0.016,146.819,0.06,8.08,,2023-08-18,8.0
2023,Aug,19,118.203,99.969,83.361,1564.788,6.9,0.032,8.012,35.766,5.159,0.016,136.602,0.053,10.214,,2023-08-19,8.0
2023,Aug,20,112.875,95.594,83.053,1499.35,6.9,0.032,8.1,34.231,5.16,0.016,135.932,0.048,4.878,,2023-08-20,8.0
2023,Aug,21,116.391,98.344,82.214,1399.387,6.886,0.031,7.927,31.007,5.152,0.016,139.1,0.046,7.3,,2023-08-21,8.0
2023,Aug,22,124.172,105.0,83.247,1595.454,6.9,0.03,7.906,38.956,5.172,0.016,132.199,0.054,9.407,,2023-08-22,8.0
2023,Aug,23,118.109,99.531,83.532,1667.104,6.9,0.029,7.801,41.654,5.155,0.016,137.714,0.057,8.307,,2023-08-23,8.0
2023,Aug,24,118.844,100.0,83.371,1664.869,6.9,0.03,7.716,41.722,5.157,0.016,137.011,0.057,10.179,,2023-08-24,8.0
2023,Aug,25,118.703,99.969,83.35,1605.279,6.9,0.031,7.622,37.319,4.984,0.016,210.892,0.048,11.375,,2023-08-25,8.0
2023,Aug,26,111.75,94.375,83.483,1559.419,6.9,0.029,7.655,36.505,4.871,0.016,265.218,0.051,10.989,,2023-08-26,8.0
2023,Aug,27,112.281,95.0,83.532,1514.151,6.9,0.03,7.669,37.103,4.897,0.016,248.988,0.052,11.267,,2023-08-27,8.0
2023,Aug,28,30.766,26.031,83.808,1514.652,6.899,0.028,7.826,29.953,4.875,0.016,262.895,0.068,7.889,,2023-08-28,8.0
2023,Aug,29,6.109,5.219,83.61,1550.572,6.929,0.027,7.582,36.4552,4.9305,0.016,235.5295,0.0247,7.418,,2023-08-29,8.0
2023,Aug,30,9.422,7.906,83.142,1790.064,6.922,0.034,7.514,68.622,5.012,0.098,325.0,0.082,7.144,,2023-08-30,8.0
2023,Aug,31,111.875,94.594,83.917,1624.688,6.9,0.03,7.956,37.878,4.901,0.017,247.583,0.059,7.791,,2023-08-31,8.0
2023,Sep,1,113.703,95.938,83.913,1629.941,6.9,0.03,7.893,30.941,4.924,0.016,240.319,0.052,7.448,,2023-09-01,9.0
2023,Sep,2,112.563,94.969,83.734,1600.13,6.9,0.03,7.913,34.766,4.878,0.016,261.709,0.052,6.67,,2023-09-02,9.0
2023,Sep,3,111.375,94.156,83.837,1538.738,6.9,0.03,7.729,37.608,4.904,0.016,245.379,0.053,8.62,,2023-09-03,9.0
2023,Sep,4,107.625,91.063,83.651,1545.12,6.9,0.03,8.04,34.525,4.886,0.016,256.018,0.049,10.532,,2023-09-04,9.0
2023,Sep,5,112.266,94.969,83.221,1540.931,6.9,0.03,8.165,32.331,4.871,0.016,265.635,0.05,10.0,,2023-09-05,9.0
2023,Sep,6,114.266,96.688,83.557,1613.43,6.9,0.031,8.07,36.816,4.907,0.016,243.709,0.063,9.237,,2023-09-06,9.0
2023,Sep,7,112.328,95.031,83.775,1635.526,6.9,0.031,7.81,37.824,4.897,0.016,249.722,0.061,5.941,,2023-09-07,9.0
2023,Sep,8,112.234,94.938,84.202,1641.41,6.9,0.029,7.668,35.572,4.956,0.017,227.877,0.058,2.04,,2023-09-08,9.0
2023,Sep,9,109.313,92.594,84.247,1628.856,6.9,0.03,7.476,34.201,5.114,0.019,151.557,0.058,2.49,,2023-09-09,9.0
2023,Sep,10,112.203,94.969,84.083,1585.116,6.9,0.029,7.34,35.429,5.12,0.017,149.421,0.057,2.941,,2023-09-10,9.0
2023,Sep,11,112.484,95.0,84.057,1547.092,6.9,0.03,7.52,34.194,5.136,0.017,144.098,0.052,2.503,,2023-09-11,9.0
2023,Sep,12,106.969,90.313,83.956,1608.848,6.9,0.03,7.64,35.277,5.125,0.016,147.391,0.061,2.573,,2023-09-12,9.0
2023,Sep,13,115.672,97.656,83.662,1629.958,6.9,0.031,7.425,36.591,5.132,0.016,145.231,0.058,3.948,,2023-09-13,9.0
2023,Sep,14,114.813,97.094,83.592,1654.813,6.9,0.031,7.422,36.815,5.135,0.016,144.61,0.057,3.8,,2023-09-14,9.0
2023,Sep,15,107.906,91.063,83.592,1633.228,6.9,0.03,7.281,34.684,5.189,0.016,135.403,0.059,3.867,,2023-09-15,9.0
2023,Sep,16,112.422,95.031,82.999,1619.22,6.9,0.03,7.269,30.608,5.309,0.016,96.449,0.052,6.431,,2023-09-16,9.0
2023,Sep,17,111.641,94.438,83.037,1583.496,6.9,0.029,7.165,31.277,5.319,0.016,94.816,0.053,6.864,,2023-09-17,9.0
2023,Sep,18,112.359,95.0,83.259,1562.569,6.9,0.029,7.291,31.452,5.338,0.016,90.252,0.051,4.939,,2023-09-18,9.0
2023,Sep,19,112.375,94.969,82.995,1606.199,6.9,0.029,7.575,32.205,5.329,0.016,92.335,0.057,4.277,,2023-09-19,9.0
2023,Sep,20,113.078,95.594,83.139,1623.146,6.9,0.029,7.724,33.135,5.338,0.016,90.563,0.054,4.298,,2023-09-20,9.0
2023,Sep,21,112.313,95.0,82.871,1629.772,6.9,0.029,7.638,35.547,5.344,0.016,89.238,0.053,4.366,,2023-09-21,9.0
2023,Sep,22,113.719,95.938,82.784,1646.214,6.9,0.028,7.55,34.646,5.335,0.016,90.93,0.054,3.0,,2023-09-22,9.0
2023,Sep,23,114.438,96.656,82.744,1607.361,6.9,0.028,7.489,35.886,5.353,0.016,87.635,0.055,2.852,,2023-09-23,9.0
2023,Sep,24,114.484,96.656,82.807,1545.68,6.9,0.028,7.355,32.426,5.302,0.016,98.187,0.05,2.847,,2023-09-24,9.0
2023,Sep,25,112.453,94.938,82.601,1544.9,6.9,0.028,7.492,34.608,5.299,0.016,99.009,0.051,2.447,,2023-09-25,9.0
2023,Sep,26,114.281,96.563,82.913,1592.953,6.9,0.028,7.558,38.003,5.31,0.016,96.159,0.057,2.328,,2023-09-26,9.0
2023,Sep,27,118.297,99.969,82.964,1629.957,6.9,0.028,7.226,40.14,5.312,0.016,95.849,0.056,2.177,,2023-09-27,9.0
2023,Sep,28,118.266,100.0,82.893,1642.22,6.901,0.028,7.151,40.571,5.323,0.016,93.445,0.056,2.049,,2023-09-28,9.0
2023,Sep,29,118.234,100.0,82.743,1636.3,6.9,0.028,7.087,40.206,5.394,0.015,81.499,0.055,2.513,,2023-09-29,9.0
2023,Sep,30,112.609,95.156,82.272,1630.49,6.9,0.028,7.139,38.294,5.453,0.015,69.203,0.051,2.735,,2023-09-30,9.0
2023,Oct,1,111.313,94.063,81.793,1574.108,6.9,0.028,6.968,38.238,5.469,0.015,66.9,0.048,3.613,,2023-10-01,10.0
2023,Oct,2,112.281,95.031,81.747,1567.447,6.9,0.029,7.167,38.679,5.475,0.015,65.788,0.05,4.034,,2023-10-02,10.0
2023,Oct,3,112.266,94.969,82.128,1614.242,6.9,0.028,7.183,39.632,5.472,0.015,66.349,0.052,3.775,,2023-10-03,10.0
2023,Oct,4,126.75,107.5,82.316,1977.022,6.9,0.029,6.971,54.611,5.515,0.015,60.355,0.053,2.446,,2023-10-04,10.0
2023,Oct,5,135.609,114.969,82.541,2322.854,6.9,0.03,6.702,65.307,5.471,0.015,66.958,0.052,3.084,,2023-10-05,10.0
2023,Oct,6,135.875,115.031,82.646,2403.36,6.9,0.03,6.512,67.33,5.434,0.015,72.364,0.052,3.228,,2023-10-06,10.0
2023,Oct,7,135.797,114.875,82.669,2357.685,6.9,0.03,6.676,60.851,5.417,0.015,75.291,0.048,2.425,,2023-10-07,10.0
2023,Oct,8,134.219,113.594,82.457,2217.029,6.9,0.03,6.8,56.125,5.424,0.015,74.075,0.045,2.928,,2023-10-08,10.0
2023,Oct,9,135.875,115.0,82.036,2277.909,6.9,0.03,6.752,56.51,5.424,0.015,73.955,0.043,3.536,,2023-10-09,10.0
2023,Oct,10,135.875,114.969,82.047,2303.135,6.9,0.03,6.724,57.854,5.423,0.015,74.183,0.046,3.603,,2023-10-10,10.0
2023,Oct,11,135.922,114.969,82.1,2396.865,6.9,0.03,6.675,63.405,5.428,0.015,73.332,0.049,4.12,,2023-10-11,10.0
2023,Oct,12,134.766,114.063,81.983,2434.733,6.9,0.03,6.695,63.118,5.421,0.015,74.517,0.049,4.785,,2023-10-12,10.0
2023,Oct,13,135.625,115.0,82.052,2383.737,6.9,0.029,6.676,57.373,5.319,0.014,99.639,0.047,4.039,,2023-10-13,10.0
2023,Oct,14,125.953,106.594,81.905,2388.705,6.9,0.029,6.693,58.3728,5.1578,0.0147,136.7694,0.0485,4.092,,2023-10-14,10.0
2023,Oct,15,133.922,113.156,81.996,2330.755,6.9,0.029,6.771,61.0404,5.1676,0.0147,133.7565,0.046,4.106,,2023-10-15,10.0
2023,Oct,16,126.672,106.906,82.012,2260.002,6.9,0.029,7.002,63.226,5.177,0.015,130.979,0.048,3.376,,2023-10-16,10.0
2023,Oct,17,135.734,114.969,81.8,2431.042,6.9,0.03,7.111,69.2,5.195,0.015,125.547,0.064,2.722,,2023-10-17,10.0
2023,Oct,18,139.469,118.188,81.931,2448.843,6.9,0.03,6.855,68.363,5.181,0.015,129.49,0.052,4.276,,2023-10-18,10.0
2023,Oct,19,120.5,102.125,82.097,2377.72,6.9,0.03,6.985,66.985,5.154,0.014,139.633,0.055,8.552,,2023-10-19,10.0
2023,Oct,20,127.656,108.219,82.193,2337.303,6.9,0.029,6.739,64.848,5.006,0.015,193.898,0.051,8.009,,2023-10-20,10.0
2023,Oct,21,129.563,110.0,81.931,2374.519,6.9,0.029,6.638,63.738,4.997,0.015,198.009,0.049,9.463,,2023-10-21,10.0
2023,Oct,22,129.641,109.969,81.457,2278.012,6.9,0.028,6.667,59.073,4.993,0.015,199.55,0.044,10.644,,2023-10-22,10.0
2023,Oct,23,132.156,112.0,81.411,2318.97,6.9,0.028,6.601,61.363,5.007,0.015,193.641,0.044,10.276,,2023-10-23,10.0
2023,Oct,24,139.609,118.469,81.402,2351.695,6.9,0.029,6.554,62.319,5.012,0.015,190.978,0.049,11.327,,2023-10-24,10.0
2023,Oct,25,140.5,119.219,81.19,2388.135,6.9,0.029,6.362,63.291,5.01,0.015,192.224,0.048,8.709,,2023-10-25,10.0
2023,Oct,26,56.578,47.75,80.64,2262.533,6.912,0.031,7.135,75.032,5.115,0.015,157.046,0.071,4.738,,2023-10-26,10.0
2023,Oct,27,141.047,119.906,81.194,2354.691,6.9,0.03,6.95,63.147,5.313,0.014,113.916,0.071,6.652,,2023-10-27,10.0
2023,Oct,28,140.969,119.906,80.857,2478.58,6.9,0.029,6.429,65.988,5.519,0.015,59.608,0.062,7.494,,2023-10-28,10.0
2023,Oct,29,134.734,114.563,80.5,2321.742,6.9,0.029,6.553,60.536,5.513,0.015,60.208,0.055,6.892,,2023-10-29,10.0
2023,Oct,30,140.375,119.313,80.156,2457.206,6.9,0.029,6.492,63.285,5.511,0.015,60.655,0.056,4.603,,2023-10-30,10.0
2023,Oct,31,137.859,117.063,80.5,2488.976,6.9,0.029,6.495,66.345,5.511,0.015,60.667,0.067,6.898,,2023-10-31,10.0
2023,Nov,1,141.094,119.844,80.534,2571.615,6.9,0.029,6.207,69.028,5.501,0.015,62.087,0.06,7.671,,2023-11-01,11.0
2023,Nov,2,141.188,119.719,80.572,2504.646,6.9,0.03,6.466,65.471,5.513,0.015,60.313,0.062,6.064,,2023-11-02,11.0
2023,Nov,3,139.469,118.281,80.429,2496.496,6.9,0.03,6.482,67.703,5.26,0.015,115.046,0.062,4.876,,2023-11-03,11.0
2023,Nov,4,139.109,117.938,80.429,2403.282,6.9,0.029,6.428,61.797,5.128,0.015,146.291,0.059,3.978,,2023-11-04,11.0
2023,Nov,5,137.313,116.094,80.451,2223.881,6.9,0.029,6.558,58.982,5.142,0.015,141.751,0.056,4.571,,2023-11-05,11.0
2023,Nov,6,138.563,117.375,80.531,2290.54,6.9,0.029,6.568,60.21,5.148,0.015,139.485,0.057,2.512,,2023-11-06,11.0
2023,Nov,7,140.063,118.688,80.413,2388.872,6.9,0.03,6.78,62.566,5.157,0.015,137.02,0.062,3.537,,2023-11-07,11.0
2023,Nov,8,93.344,79.063,80.216,2283.594,6.903,0.033,6.925,63.671,5.176,0.016,133.255,0.076,4.353,,2023-11-08,11.0
2023,Nov,9,139.531,118.375,79.925,2402.53,6.904,0.03,6.864,63.505,5.277,0.015,107.573,0.0616,5.159,,2023-11-09,11.0
2023,Nov,10,141.5,120.0,79.674,2430.874,6.904,0.03,6.526,62.379,5.319,0.015,95.403,0.059,12.06,,2023-11-10,11.0
2023,Nov,11,136.125,115.344,79.714,2345.945,6.904,0.03,6.57,59.971,5.325,0.015,93.684,0.056,11.618,,2023-11-11,11.0
2023,Nov,12,128.688,108.875,79.637,2286.093,6.904,0.029,6.578,59.756,5.275,0.015,105.901,0.057,10.892,,2023-11-12,11.0
2023,Nov,13,66.391,56.156,79.39,2167.089,6.902,0.029,6.795,42.943,5.296,0.016,103.039,0.048,11.397,,2023-11-13,11.0
2023,Nov,14,139.859,118.375,79.522,2359.637,6.898,0.029,6.622,61.854,5.348,0.015,88.424,0.046,10.967,,2023-11-14,11.0
2023,Nov,15,141.766,120.0,79.305,2365.426,6.898,0.029,6.479,60.833,5.324,0.015,93.672,0.047,10.607,,2023-11-15,11.0
2023,Nov,16,141.391,119.688,79.458,2242.067,6.898,0.029,6.892,56.742,5.387,0.015,80.968,0.045,3.592,,2023-11-16,11.0
2023,Nov,17,140.656,119.094,79.623,2355.527,6.898,0.029,6.705,58.191,5.019,0.014,219.499,0.044,3.575,,2023-11-17,11.0
2023,Nov,18,141.641,119.906,79.723,2388.688,6.898,0.029,6.559,59.957,4.855,0.015,275.716,0.044,2.01,,2023-11-18,11.0
2023,Nov,19,135.875,114.875,79.494,2242.446,6.898,0.029,6.692,57.223,4.867,0.015,267.477,0.043,3.489,,2023-11-19,11.0
2023,Nov,20,140.938,119.219,78.737,2316.278,6.898,0.029,6.664,58.113,4.843,0.015,282.766,0.043,5.538,,2023-11-20,11.0
2023,Nov,21,141.094,119.5,79.098,2393.724,6.898,0.029,6.671,60.109,4.822,0.015,298.018,0.046,3.835,,2023-11-21,11.0
2023,Nov,22,141.828,120.0,79.376,2427.248,6.898,0.029,6.582,60.785,4.79,0.015,322.66,0.045,6.369,,2023-11-22,11.0
2023,Nov,23,134.281,113.531,79.066,2368.317,6.898,0.028,6.524,58.67,4.818,0.015,299.104,0.043,6.231,,2023-11-23,11.0
2023,Nov,24,130.156,109.938,79.079,2256.249,6.898,0.029,6.394,55.206,4.849,0.015,277.797,0.039,5.364,,2023-11-24,11.0
2023,Nov,25,132.172,111.719,78.853,2431.439,6.898,0.029,6.382,59.413,4.821,0.015,297.01,0.04,7.124,,2023-11-25,11.0
2023,Nov,26,136.766,115.594,78.395,2377.284,6.898,0.028,6.371,59.125,4.824,0.015,294.953,0.04,6.991,,2023-11-26,11.0
2023,Nov,27,141.625,119.844,78.466,2404.531,6.898,0.029,6.485,58.384,4.791,0.015,319.135,0.044,8.18,,2023-11-27,11.0
2023,Nov,28,137.422,116.438,78.392,2472.128,6.898,0.029,6.469,61.932,4.83,0.015,309.992,0.048,8.316,,2023-11-28,11.0
2023,Nov,29,135.625,115.0,78.255,2451.807,6.898,0.028,6.454,62.015,4.827,0.015,293.636,0.048,8.41,,2023-11-29,11.0
2023,Nov,30,135.672,114.938,78.437,2449.408,6.898,0.029,6.657,60.887,4.835,0.015,287.606,0.049,6.701,,2023-11-30,11.0
2023,Dec,1,157.5,147.678,78.229,2430.407,6.898,0.029,6.533,60.504,4.813,0.015,302.615,0.046,7.831,,2023-12-01,12.0
2023,Dec,2,157.844,148.167,77.958,2424.118,6.898,0.028,6.501,57.805,4.815,0.015,301.188,0.046,8.218,,2023-12-02,12.0
2023,Dec,3,154.813,144.975,77.852,2234.807,6.898,0.029,6.832,52.307,4.826,0.015,293.995,0.044,7.867,,2023-12-03,12.0
2023,Dec,4,157.344,147.998,77.93,2258.845,6.898,0.029,6.832,53.258,4.843,0.015,283.107,0.044,5.842,,2023-12-04,12.0
2023,Dec,5,158.75,148.959,78.182,2302.838,6.898,0.029,7.005,54.332,4.841,0.015,283.903,0.05,4.729,,2023-12-05,12.0
2023,Dec,6,159.031,149.74,78.16,2387.332,6.898,0.029,6.803,53.642,4.816,0.015,300.61,0.047,4.464,,2023-12-06,12.0
2023,Dec,7,160.625,150.968,77.753,2404.978,6.898,0.029,6.998,54.0071,4.8603,0.015,271.9098,0.0481,3.561,,2023-12-07,12.0
2023,Dec,8,160.125,150.359,77.598,2458.047,6.898,0.029,6.893,55.085,4.903,0.014,245.962,0.046,5.78,,2023-12-08,12.0
2023,Dec,9,158.531,148.897,77.506,2450.483,6.898,0.029,6.818,54.781,4.879,0.015,260.777,0.044,5.739,,2023-12-09,12.0
2023,Dec,10,156.656,147.344,77.24,2282.184,6.898,0.028,7.017,49.27,4.847,0.015,280.955,0.042,5.383,,2023-12-10,12.0
2023,Dec,11,160.438,150.954,77.107,2324.97,6.898,0.029,7.053,49.626,4.87,0.015,265.93,0.042,6.005,,2023-12-11,12.0
2023,Dec,12,160.938,151.364,76.93,2426.888,6.898,0.029,6.966,51.571,4.883,0.015,257.0,0.043,5.71,,2023-12-12,12.0
2023,Dec,13,161.469,151.57,76.955,2482.289,6.898,0.029,6.792,54.152,4.889,0.015,253.918,0.044,4.332,,2023-12-13,12.0
2023,Dec,14,157.75,147.895,77.27,2511.44,6.898,0.03,6.739,53.652,4.848,0.015,280.784,0.047,5.246,,2023-12-14,12.0
2023,Dec,15,155.219,145.475,77.27,2510.568,6.898,0.029,6.569,52.525,4.969,0.017,220.908,0.044,8.995,,2023-12-15,12.0
2023,Dec,16,152.938,143.043,77.278,2479.729,6.898,0.029,6.677,49.559,5.017,0.018,190.042,0.045,12.118,,2023-12-16,12.0
2023,Dec,17,155.219,145.352,77.136,2319.386,6.898,0.029,6.789,45.426,5.05,0.018,175.575,0.04,11.576,,2023-12-17,12.0
2023,Dec,18,155.438,145.423,77.388,2308.324,6.898,0.029,6.911,46.789,5.087,0.018,161.021,0.04,10.108,,2023-12-18,12.0
2023,Dec,19,155.25,145.328,77.243,2318.388,6.898,0.029,7.065,48.854,5.093,0.018,158.303,0.044,8.866,,2023-12-19,12.0
2023,Dec,20,137.0,128.05,77.532,2309.435,6.898,0.03,7.113,47.259,5.089,0.018,160.715,0.047,4.273,,2023-12-20,12.0
2023,Dec,21,153.781,144.127,77.036,2140.227,6.898,0.029,7.381,43.845,5.095,0.018,158.028,0.051,3.771,,2023-12-21,12.0
2023,Dec,22,154.125,144.296,76.633,2196.454,6.898,0.029,7.134,43.615,5.131,0.016,145.69,0.055,3.7,,2023-12-22,12.0
2023,Dec,23,155.469,145.984,76.757,2196.327,6.898,0.029,7.169,42.768,5.178,0.015,130.608,0.046,1.733,,2023-12-23,12.0
2023,Dec,24,155.875,146.136,76.874,2234.493,6.898,0.029,7.171,44.337,5.166,0.015,134.458,0.036,2.674,,2023-12-24,12.0
2023,Dec,25,153.344,143.791,76.671,2279.636,6.897,0.029,6.645,48.971,5.16,0.0156,136.556,0.033,3.568,,2023-12-25,12.0
2023,Dec,26,148.531,138.662,76.416,2387.338,6.898,0.03,6.71,51.711,5.202,0.015,123.455,0.034,2.756,,2023-12-26,12.0
2023,Dec,27,155.0,145.094,76.505,2356.759,6.898,0.03,7.166,49.22,5.197,0.015,124.829,0.037,2.555,,2023-12-27,12.0
2023,Dec,28,154.844,145.362,76.727,2351.189,6.898,0.032,7.246,47.775,5.2,0.015,124.222,0.039,3.92,,2023-12-28,12.0
2023,Dec,29,99.781,93.885,76.372,2398.935,6.78,0.058,7.132,55.8,5.18,0.016,649.171,0.064,5.503,,2023-12-29,12.0
2023,Dec,30,141.031,132.069,76.356,2298.628,6.9,0.03,7.26,47.089,5.189,0.016,126.979,0.056,4.964,,2023-12-30,12.0
2023,Dec,31,148.594,139.238,75.774,2231.914,6.9,0.031,7.366,46.428,5.196,0.016,125.25,0.054,4.701,,2023-12-31,12.0
2024,Jan,1,133.203,113.469,76.094,2342.88,6.9,0.03,6.936,49.555,5.206,0.016,121.985,0.05,7.527,122.26384723250686,2024-01-01,1.0
2024,Jan,2,128.375,109.0,75.691,2451.852,6.9,0.03,7.152,52.037,5.213,0.016,120.951,0.052,10.381,117.83234152739105,2024-01-02,1.0
2024,Jan,3,124.984,106.406,75.494,2382.031,6.9,0.03,8.345,47.251,5.189,0.016,127.446,0.05,7.47,114.71982374651951,2024-01-03,1.0
2024,Jan,4,134.938,114.969,75.362,2345.042,6.9,0.029,8.782,48.237,5.205,0.016,122.928,0.047,11.29,123.85636222802796,2024-01-04,1.0
2024,Jan,5,134.828,115.0,75.358,2345.118,6.9,0.03,9.06,49.0958,5.1505,0.0162,139.1256,0.0495,11.2,123.75539585943588,2024-01-05,1.0
2024,Jan,6,119.953,102.219,75.332,2300.46,6.9,0.03,9.243,46.3494,5.1245,0.0161,147.9565,0.0499,8.082,110.10198919754734,2024-01-06,1.0
2024,Jan,7,123.141,105.0,74.509,2286.183,6.9,0.029,8.927,44.3616,5.0841,0.0161,162.1777,0.04,10.747,113.02817813456251,2024-01-07,1.0
2024,Jan,8,130.109,110.938,74.584,2297.883,6.9,0.029,8.952,45.8,5.097,0.016,157.423,0.039,12.845,119.42393864683406,2024-01-08,1.0
2024,Jan,9,134.688,114.844,74.671,2363.481,6.9,0.03,8.726,46.254,5.11,0.016,153.4,0.042,12.563,123.62689320850045,2024-01-09,1.0
2024,Jan,10,134.891,115.0,74.773,2397.057,6.9,0.029,8.59,45.6217,5.1164,0.016,150.2895,0.0473,9.684,123.81322205235679,2024-01-10,1.0
2024,Jan,11,134.484,114.719,74.697,2413.426,6.9,0.03,8.206,46.0528,5.1152,0.016,150.856,0.0416,7.807,123.43964648856598,2024-01-11,1.0
2024,Jan,12,134.781,114.875,74.669,2490.555,6.9,0.03,7.667,49.2523,5.2785,0.0498,112.3285,0.0483,14.398,123.71225568376471,2024-01-12,1.0
2024,Jan,13,134.828,115.0,74.669,2525.065,6.9,0.029,7.473,51.1179,5.4012,0.0461,78.1842,0.0554,14.587,123.75539585943588,2024-01-13,1.0
2024,Jan,14,128.75,109.594,74.739,2326.275,6.9,0.029,7.603,44.939,5.365,0.048,84.725,0.052,14.491,118.17654505668234,2024-01-14,1.0
2024,Jan,15,131.094,111.656,74.821,2350.696,6.9,0.029,7.612,45.519,5.366,0.021,85.131,0.05,12.4,120.32804658377255,2024-01-15,1.0
2024,Jan,16,134.844,114.969,75.097,2289.043,6.9,0.029,7.717,44.133,5.384,0.017,81.265,0.053,10.911,123.77008187668562,2024-01-16,1.0
2024,Jan,17,134.953,114.969,75.067,2415.569,6.9,0.029,7.367,46.1579,5.3931,0.0166,79.4277,0.0524,7.916,136.6792,2024-01-17,1.0
2024,Jan,18,134.984,114.969,75.443,2422.057,6.9,0.029,7.412,44.9788,5.3814,0.0166,81.8603,0.0529,6.966,123.89858452762105,2024-01-18,1.0
2024,Jan,19,135.016,115.0,75.438,2299.406,6.9,0.029,7.909,42.3013,5.56,0.0157,58.6833,0.0553,9.198,123.92795656212057,2024-01-19,1.0
2024,Jan,20,134.953,115.0,75.29,2299.487,6.9,0.029,8.255,41.691,5.695,0.015,39.97,0.054,4.992,123.87013036919966,2024-01-20,1.0
2024,Jan,21,133.484,113.688,75.237,2099.625,6.9,0.028,8.168,36.725,5.67,0.015,42.296,0.049,3.61,122.52177041045582,2024-01-21,1.0
2024,Jan,22,134.969,115.0,74.723,2070.062,6.9,0.028,7.965,35.005,5.625,0.015,46.567,0.046,3.944,123.8848163864494,2024-01-22,1.0
2024,Jan,23,134.969,115.0,74.734,2185.248,6.9,0.028,7.94,36.707,5.61,0.015,48.25,0.055,4.089,123.8848163864494,2024-01-23,1.0
2024,Jan,24,134.875,114.75,75.084,2311.324,6.9,0.029,7.857,39.8428,5.6119,0.0149,48.0179,0.0519,4.951,123.79853603510705,2024-01-24,1.0
2024,Jan,25,135.219,115.0,75.278,2395.474,6.9,0.03,7.928,42.1077,5.6052,0.0149,48.7415,0.0578,4.497,120.81465,2024-01-25,1.0
2024,Jan,26,135.063,114.906,75.292,2394.307,6.9,0.029,7.898,41.5766,5.5928,0.0149,50.5667,0.0579,7.924,123.97109673779174,2024-01-26,1.0
2024,Jan,27,135.172,115.0,75.428,2383.768,6.9,0.028,7.812,40.4901,5.5631,0.0149,54.0443,0.0486,11.153,124.07114523030577,2024-01-27,1.0
2024,Jan,28,135.266,114.875,75.695,2241.0,6.901,0.029,7.895,37.79,5.583,0.015,51.445,0.036,13.339,124.15742558164813,2024-01-28,1.0
2024,Jan,29,135.313,115.0,75.692,2229.206,6.9,0.029,7.621,38.859,5.557,0.015,54.593,0.035,13.545,124.2005657573193,2024-01-29,1.0
2024,Jan,30,135.328,115.0,75.898,2320.229,6.9,0.028,7.279,40.57,5.564,0.015,53.868,0.038,14.722,124.21433389849095,2024-01-30,1.0
2024,Jan,31,134.109,114.0,75.923,2118.5,6.9,0.028,7.377,35.5628,5.5509,0.0148,55.2574,0.0374,15.349,123.09544295927468,2024-01-31,1.0
2024,Feb,1,132.625,113.0,74.266,1677.345,6.899,0.028,7.638,25.6422,5.415,0.0148,77.4632,0.0371,15.281,133.7561207160153,2024-02-01,2.0
2024,FEb,2,134.828,114.906,73.471,1622.81,6.9,0.026,7.481,24.4242,5.3258,0.0147,93.0555,0.0369,7.261,135.97790947331885,2024-02-02,2.0
2024,Feb,3,129.328,110.156,74.258,1725.956,6.9,0.027,8.304,25.69,5.345,0.015,89.128,0.039,7.952,130.43100154541625,2024-02-03,2.0
2024,Feb,4,128.438,109.438,74.049,1681.082,6.9,0.027,8.55,25.138,5.318,0.015,94.675,0.038,8.575,129.53341098981016,2024-02-04,2.0
2024,Feb,5,132.797,113.25,72.001,1485.282,6.9,0.026,8.254,22.1823,5.3471,0.0147,88.4361,0.0334,8.53,133.92958765485153,2024-02-05,2.0
2024,Feb,6,110.438,93.938,70.896,1515.923,6.9,0.026,8.082,21.1,5.314,0.015,95.706,0.038,9.075,111.37989413485616,2024-02-06,2.0
2024,Feb,7,134.891,115.0,71.336,1706.292,6.901,0.026,8.31,24.1511,5.3423,0.0148,89.1968,0.0381,8.37,136.04144678231117,2024-02-07,2.0
2024,Feb,8,134.891,115.0,72.033,1808.98,6.9,0.027,8.329,26.8076,5.3557,0.0147,86.6827,0.0321,8.676,136.04144678231117,2024-02-08,2.0
2024,Feb,9,134.875,115.0,72.912,1886.247,6.9,0.026,8.123,28.1581,5.3032,0.0172,97.7691,0.0352,6.475,136.02531032288456,2024-02-09,2.0
2024,Feb,10,134.906,115.0,73.252,1872.753,6.9,0.025,7.9,28.161,5.2457,0.0195,112.1397,0.0355,5.872,136.05657471302365,2024-02-10,2.0
2024,Feb,11,134.938,115.0,73.44,1790.511,6.9,0.025,7.993,26.22,5.226,0.019,117.624,0.034,6.053,136.0888476318769,2024-02-11,2.0
2024,Feb,12,135.031,115.0,73.622,1772.733,6.9,0.025,8.17,25.002,5.226,0.019,117.889,0.034,5.882,136.18264080229415,2024-02-12,2.0
2024,Feb,13,133.797,113.938,74.016,1770.795,6.9,0.025,8.353,25.485,5.248,0.019,111.66,0.038,5.563,134.93811636901563,2024-02-13,2.0
2024,Feb,14,131.875,112.656,74.253,1802.799,6.9,0.026,8.561,27.3872,5.304,0.0195,98.1342,0.0423,7.964,132.9997241803922,2024-02-14,2.0
2024,Feb,15,128.453,109.844,74.504,1811.953,6.9,0.027,8.608,26.4225,5.2858,0.0195,102.0451,0.0427,7.095,129.54853892052265,2024-02-15,2.0
2024,Feb,16,130.391,111.438,74.758,1747.944,6.9,0.025,7.673,25.8453,5.1936,0.0159,126.9494,0.0501,5.508,131.50306756857267,2024-02-16,2.0
2024,Feb,17,128.859,110.0,74.775,1719.755,6.9,0.026,7.348,25.175,5.144,0.013,141.195,0.051,5.414,129.95800157847324,2024-02-17,2.0
2024,Feb,18,128.813,110.0,75.032,1663.262,6.9,0.025,7.264,24.475,5.156,0.013,137.461,0.048,5.35,129.9116092576217,2024-02-18,2.0
2024,Feb,19,133.188,113.688,74.502,1662.137,6.9,0.026,7.582,25.755,5.15,0.013,139.683,0.049,5.703,134.32392238208968,2024-02-19,2.0
2024,Feb,20,134.672,115.0,73.895,1616.984,6.9,0.026,7.542,24.117,5.158,0.013,136.677,0.049,5.629,135.82057899390924,2024-02-20,2.0
2024,Feb,21,134.734,115.0,73.662,1678.302,6.9,0.026,7.251,24.2642,5.1574,0.0133,137.0569,0.0487,5.211,135.8831077741874,2024-02-21,2.0
2024,Feb,22,134.781,115.0,74.324,1779.382,6.899,0.025,7.442,25.2386,5.1545,0.0133,138.2534,0.0518,4.601,135.93050862375313,2024-02-22,2.0
2024,Feb,23,108.516,92.313,74.863,1819.97,6.9,0.024,7.23,25.4865,5.1968,0.0133,129.6739,0.0532,3.186,109.44150194623273,2024-02-23,2.0
2024,Feb,24,94.172,80.0,74.889,1811.591,6.9,0.024,7.231,25.8881,5.2459,0.0133,112.3648,0.0548,2.957,94.97516607026272,2024-02-24,2.0
2024,Feb,25,94.125,80.0,75.113,1761.738,6.9,0.025,7.307,25.323,5.271,0.013,105.813,0.053,3.64,94.927765220697,2024-02-25,2.0
2024,Feb,26,94.234,79.969,74.884,1717.765,6.9,0.025,7.483,25.718,5.3,0.013,98.562,0.056,1.837,95.03769485054089,2024-02-26,2.0
2024,Feb,27,94.172,79.875,75.017,1769.701,6.9,0.025,7.567,26.477,5.295,0.013,98.819,0.064,0.473,94.97516607026272,2024-02-27,2.0
2024,Feb,28,94.219,79.969,75.236,1785.42,6.9,0.025,7.43,26.1133,5.2463,0.0133,111.8232,0.0591,0.476,95.02256691982844,2024-02-28,2.0
2024,Feb,29,94.219,80.031,75.267,1776.771,6.9,0.026,7.368,25.635,5.2792,0.0133,103.5005,0.0551,0.479,95.02256691982844,2024-02-29,2.0
2024,Mar,1,94.203,79.969,75.325,1751.092,6.9,0.026,8.016,24.8317,5.2275,0.0132,117.4593,0.054,0.63,127.234,2024-03-01,3.0
2024,Mar,2,94.188,80.031,74.798,1714.802,6.9,0.026,8.349,23.788,5.185,0.013,128.347,0.053,0.884,94.188,2024-03-02,3.0
2024,Mar,3,94.234,80.0,74.705,1660.928,6.9,0.026,8.36,22.704,5.182,0.013,129.51,0.05,0.873,95.0123,2024-03-03,3.0
2024,Mar,4,94.203,79.969,74.737,1652.723,6.9,0.026,8.493,22.2,5.184,0.013,128.99,0.05,0.811,99.0123,2024-03-04,3.0
2024,Mar,5,94.25,80.0,74.945,1719.128,6.9,0.027,8.628,23.442,5.181,0.013,130.261,0.052,0.811,130.3243,2024-03-05,3.0
2024,Mar,6,63.141,53.625,74.979,1739.286,6.9,0.026,8.292,24.4764,5.177,0.0133,131.02,0.0518,0.932,124.0123,2024-03-06,3.0
2024,Mar,7,42.734,36.375,74.387,1690.585,6.9,0.026,7.957,23.7055,5.1775,0.0132,131.376,0.047,0.826,90.345,2024-03-07,3.0
2024,Mar,8,41.063,35.031,74.852,1750.399,6.9,0.027,8.34,23.3298,4.9766,0.0133,213.7502,0.0623,0.767,98.342,2024-03-08,3.0
2024,Mar,9,41.078,34.969,75.053,1730.65,6.9,0.028,8.347,22.9587,4.8404,0.0133,287.7928,0.0484,0.808,78.987,2024-03-09,3.0
2024,Mar,10,39.328,33.563,75.203,1678.914,6.9,0.026,8.382,22.072,4.829,0.013,295.402,0.047,0.732,110.0,2024-03-10,3.0
2024,Mar,11,41.078,35.0,75.123,1679.93,6.9,0.026,8.701,22.052,4.842,0.013,288.56,0.046,0.759,100.0,2024-03-11,3.0
2024,Mar,12,41.063,34.969,75.398,1720.294,6.9,0.026,8.525,22.471,4.869,0.013,267.27,0.055,0.664,130.0,2024-03-12,3.0
2024,Mar,13,41.219,34.875,75.558,1771.404,6.899,0.032,8.688,24.4656,4.8692,0.0134,267.4995,0.0668,0.815,127.0,2024-03-13,3.0
2024,Mar,14,41.328,34.969,75.232,1766.846,6.9,0.027,8.621,30.5742,4.8266,0.0133,294.1349,0.08,0.935,122.0,2024-03-14,3.0
2024,Mar,15,41.453,35.0,75.132,1756.31,6.9,0.027,8.593,26.7845,5.1446,0.0128,184.544,0.0584,0.924,123.0,2024-03-15,3.0
2024,Mar,16,41.422,35.0,75.54,1716.226,6.9,0.026,8.659,25.306,5.346,0.013,88.543,0.056,0.868,100.0,2024-03-16,3.0
2024,Mar,17,34.781,29.125,75.558,1665.889,6.781,0.027,8.506,34.085,5.266,0.013,423.535,0.058,0.508,80.0,2024-03-17,3.0
2024,Mar,18,41.328,35.0,75.686,1636.034,6.9,0.026,8.802,23.386,5.372,0.013,83.381,0.052,0.443,90.0,2024-03-18,3.0
2024,Mar,19,41.344,35.0,75.973,1690.635,6.9,0.026,8.466,23.507,5.374,0.013,82.819,0.055,0.506,94.0,2024-03-19,3.0
2024,Mar,20,41.328,35.031,76.279,1744.462,6.9,0.026,7.91,24.1906,5.3808,0.0127,82.0893,0.0601,0.598,97.0,2024-03-20,3.0
2024,Mar,21,41.297,35.0,76.333,1733.441,6.9,0.026,7.862,24.3014,5.1625,0.0126,142.8928,0.0645,0.871,98.0,2024-03-21,3.0
2024,Mar,22,59.063,49.875,76.372,1736.779,6.9,0.026,8.082,24.7107,5.0559,0.0127,173.7454,0.0616,0.923,123.0,2024-03-22,3.0
2024,Mar,23,76.844,65.0,75.651,1709.949,6.9,0.026,8.133,22.5026,5.0213,0.0127,187.3193,0.0449,1.127,123.0,2024-03-23,3.0
2024,Mar,24,76.859,65.0,74.939,1663.132,6.9,0.026,7.996,21.212,5.032,0.013,183.328,0.04,1.066,120.0,2024-03-24,3.0
2024,Mar,25,68.688,58.094,75.404,1661.61,6.9,0.026,8.148,21.451,5.056,0.013,173.826,0.041,0.96,110.0,2024-03-25,3.0
2024,Mar,26,8.813,7.375,73.85,1683.608,6.922,0.036,8.737,27.863,5.078,0.013,165.706,0.06,0.747,87.0,2024-03-26,3.0
2024,Mar,27,0.656,0.5,72.605,1681.164,6.895,0.058,6.899,49.1395,5.2867,0.0413,209.8325,0.0009,0.858,110.0,2024-03-27,3.0
2024,Mar,28,48.875,41.281,75.608,1738.655,6.893,0.028,9.004,29.268,5.072,0.038,173.2814,0.09,1.901,140.0,2024-03-28,3.0
2024,Mar,29,102.094,86.781,75.693,1714.809,6.9,0.028,8.641,24.311,5.205,0.013,133.634,0.05,2.377,140.0,2024-03-29,3.0
2024,Mar,30,107.469,91.375,74.291,1605.921,6.9,0.028,7.937,22.012,5.346,0.013,88.722,0.037,2.144,110.0,2024-03-30,3.0
2024,Mar,31,109.531,93.219,73.956,1560.599,6.9,0.025,7.466,19.434,5.289,0.013,101.171,0.034,1.653,98.0,2024-03-31,3.0
2024,Apr,1,92.453,78.469,74.482,1652.035,6.9,0.026,7.476,20.9771,5.291,0.0127,100.6721,0.0373,0.93,88.4929868780197,2024-04-01,4.0
2024,Apr,2,93.781,79.563,75.458,1767.858,6.9,0.027,7.945,22.625,5.298,0.013,99.166,0.043,1.167,89.76410503074607,2024-04-02,4.0
2024,Apr,3,102.078,86.781,76.089,1796.492,6.9,0.027,7.881,25.632,5.319,0.013,94.494,0.049,1.16,97.70572198343478,2024-04-03,4.0
2024,Apr,4,116.797,99.438,75.772,1792.486,6.9,0.028,8.204,24.78,5.321,0.013,94.06,0.051,1.673,111.79426723191315,2024-04-04,4.0
2024,Apr,5,115.344,98.219,74.851,1797.574,6.9,0.027,7.735,23.395,5.353,0.013,88.419,0.043,1.146,110.40350316872686,2024-04-05,4.0
2024,Apr,6,111.547,95.0,74.909,1782.04,6.9,0.026,7.545,22.4719,5.411,0.0127,76.1787,0.0396,0.856,106.76913899259584,2024-04-06,4.0
2024,Apr,7,111.563,95.0,75.062,1726.125,6.9,0.026,7.592,21.771,5.425,0.013,73.997,0.039,0.793,106.78445366913472,2024-04-07,4.0
2024,Apr,8,114.109,97.156,75.47,1703.75,6.9,0.027,7.876,21.765,5.439,0.013,71.616,0.037,0.754,109.22140157338269,2024-04-08,4.0
2024,Apr,9,117.422,99.906,76.235,1752.949,6.9,0.028,8.1,22.361,5.436,0.013,72.011,0.042,0.599,112.39249678421284,2024-04-09,4.0
2024,Apr,10,117.422,100.0,76.463,2026.474,6.9,0.028,8.052,26.627,5.459,0.013,68.66,0.04,0.686,112.39249678421284,2024-04-10,4.0
2024,Apr,11,117.75,100.0,76.325,2084.797,6.9,0.029,8.179,28.354,5.488,0.013,63.974,0.036,0.951,112.70644765325972,2024-04-11,4.0
2024,Apr,12,117.844,99.938,75.826,2099.831,6.9,0.03,7.811,28.802,5.479,0.013,65.277,0.037,1.016,112.79642137792558,2024-04-12,4.0
2024,Apr,13,117.656,99.969,75.32,2157.778,6.9,0.03,7.883,29.511,5.502,0.013,61.739,0.037,1.155,112.61647392859385,2024-04-13,4.0
2024,Apr,14,117.766,100.0,74.994,2064.708,6.9,0.03,7.771,27.775,5.494,0.013,63.033,0.034,1.198,112.7217623297986,2024-04-14,4.0
2024,Apr,15,108.859,92.469,75.918,2047.969,6.9,0.03,8.035,27.931,5.52,0.013,59.319,0.034,1.165,104.19627333406537,2024-04-15,4.0
2024,Apr,16,108.547,92.563,76.36,2156.217,6.9,0.031,8.2,31.254,5.512,0.013,60.604,0.046,0.969,103.89763714155738,2024-04-16,4.0
2024,Apr,17,111.531,94.969,76.467,2250.793,6.9,0.032,8.348,33.266,5.499,0.013,62.345,0.051,1.028,106.75382431605698,2024-04-17,4.0
2024,Apr,18,111.688,94.969,76.71,2262.986,6.9,0.032,8.707,34.334,5.515,0.013,60.119,0.048,1.305,106.90409957959466,2024-04-18,4.0
2024,Apr,19,111.641,95.0,76.56,2243.948,6.9,0.035,9.133,33.161,5.15,0.016,156.009,0.049,2.834,106.85911271726172,2024-04-19,4.0
2024,Apr,20,111.625,95.0,76.563,2221.876,6.9,0.037,9.465,33.317,4.999,0.017,197.049,0.05,4.26,106.84379804072285,2024-04-20,4.0
2024,Apr,21,111.563,95.0,76.909,2174.203,6.9,0.037,9.575,33.943,4.955,0.017,218.459,0.048,3.734,106.78445366913472,2024-04-21,4.0
2024,Apr,22,111.328,94.781,76.731,2147.487,6.901,0.037,9.832,33.439,4.909,0.017,242.153,0.05,4.086,106.55951935747004,2024-04-22,4.0
2024,Apr,23,107.297,91.531,76.95,2216.856,6.9,0.034,9.714,34.535,4.908,0.017,243.112,0.055,4.028,102.70117803695803,2024-04-23,4.0
2024,Apr,24,98.438,84.031,76.915,2187.883,6.9,0.031,9.304,33.74,4.934,0.017,230.047,0.055,3.607,94.22163307084145,2024-04-24,4.0
2024,Apr,25,94.234,80.219,76.895,2187.478,6.9,0.031,9.299,32.77,4.959,0.017,216.043,0.05,4.167,90.19770181025287,2024-04-25,4.0
2024,Apr,26,111.594,94.938,76.97,2286.156,6.9,0.029,8.93,34.853,5.174,0.014,141.538,0.046,4.221,106.81412585492878,2024-04-26,4.0
2024,Apr,27,111.578,94.906,76.829,2266.599,6.9,0.026,8.987,34.29,5.292,0.013,100.593,0.045,3.401,106.79881117838991,2024-04-27,4.0
2024,Apr,28,107.563,91.563,76.995,2204.639,6.9,0.027,9.157,34.986,5.327,0.013,92.671,0.045,3.111,102.95578453441678,2024-04-28,4.0
2024,Apr,29,111.578,94.969,77.376,2213.701,6.901,0.028,9.078,34.44,5.319,0.013,94.465,0.05,6.43,106.79881117838991,2024-04-29,4.0
2024,Apr,30,100.578,85.563,77.56,2221.24,6.9,0.028,9.553,33.719,5.305,0.013,97.679,0.054,10.887,96.26997105791554,2024-04-30,4.0
2024,May,1,48.328,41.156,78.456,1820.108,6.9,0.023,9.343,23.246,5.147,0.013,141.646,0.06,5.753,46.257980485662294,2024-05-01,5.0
2024,May,2,68.672,58.438,78.485,1768.289,6.9,0.023,8.995,23.197,5.117,0.013,150.656,0.056,4.954,65.7305917048378,2024-05-02,5.0
2024,May,3,64.438,54.781,77.937,1748.826,6.9,0.026,8.678,24.2767,4.9569,0.0129,227.3896,0.0501,2.477,61.677945425738855,2024-05-03,5.0
2024,May,4,68.234,57.938,78.356,1719.267,6.9,0.022,8.881,23.2281,4.7614,0.0132,340.7775,0.0534,0.442,65.31135243458617,2024-05-04,5.0
2024,May,5,61.203,52.0,77.807,1656.376,6.9,0.022,8.939,22.132,4.76,0.014,342.402,0.062,0.373,58.581509263035706,2024-05-05,5.0
2024,May,6,71.016,60.375,78.099,1649.968,6.9,0.025,9.025,21.726,4.781,0.013,325.175,0.06,0.208,67.97419181778253,2024-05-06,5.0
2024,May,7,68.078,57.969,78.336,1711.19,6.9,0.025,8.865,22.095,4.779,0.013,327.612,0.073,0.171,65.16203433833219,2024-05-07,5.0
2024,May,8,68.906,58.75,78.637,1740.913,6.9,0.029,8.279,22.367,4.807,0.013,307.616,0.082,0.206,65.9545688492188,2024-05-08,5.0
2024,May,9,64.594,55.0,78.809,1714.314,6.9,0.023,7.855,21.351,4.79,0.013,319.179,0.079,0.289,61.82726352199284,2024-05-09,5.0
2024,May,10,70.234,59.75,78.74,1731.218,6.9,0.024,8.303,21.56,4.877,0.013,264.199,0.082,1.13,67.22568700194515,2024-05-10,5.0
2024,May,11,65.328,55.594,78.462,1755.238,6.9,0.022,8.853,21.664,4.903,0.013,244.72,0.072,1.754,62.5298243082136,2024-05-11,5.0
2024,May,12,67.75,57.594,78.397,1697.75,6.9,0.023,8.932,20.954,4.94,0.013,226.697,0.063,2.103,64.84808346928531,2024-05-12,5.0
2024,May,13,63.047,53.625,78.494,1685.734,6.9,0.024,9.157,22.429,4.947,0.013,223.943,0.057,2.65,60.34652573414068,2024-05-13,5.0
2024,May,14,65.813,56.0,78.774,1718.415,6.9,0.023,8.898,21.985,4.906,0.013,243.871,0.054,2.106,62.99405044079814,2024-05-14,5.0
2024,May,15,63.203,53.781,78.739,1741.464,6.9,0.022,8.08,21.372,4.877,0.013,261.3222,0.0596,1.889,60.495843830394676,2024-05-15,5.0
2024,May,16,59.469,50.594,78.586,1770.561,6.9,0.022,7.757,20.993,4.877,0.013,261.19,0.053,1.941,56.92178119313547,2024-05-16,5.0
2024,May,17,66.75,56.813,78.642,1738.804,6.9,0.022,7.711,20.165,4.893,0.013,251.338,0.057,0.709,63.89091618560583,2024-05-17,5.0
2024,May,18,64.531,54.969,78.682,1745.628,6.9,0.022,7.747,20.013,4.9136,0.0129,240.9883,0.0495,0.042,61.76696198312104,2024-05-18,5.0
2024,May,19,64.531,55.0,78.693,1698.985,6.9,0.023,7.743,19.621,4.924,0.013,233.696,0.057,0.043,61.76696198312104,2024-05-19,5.0
2024,May,20,64.547,54.969,78.637,1664.551,6.9,0.023,7.723,19.562,4.931,0.013,230.623,0.051,0.037,61.782276659659914,2024-05-20,5.0
2024,May,21,81.813,69.75,78.366,1734.295,6.9,0.025,8.259,22.127,4.965,0.013,213.397,0.049,0.052,78.30872697966994,2024-05-21,5.0
2024,May,22,102.797,87.781,78.339,1779.202,6.9,0.025,8.605,24.0854,4.9793,0.0129,206.5944,0.0525,0.056,98.39392526040032,2024-05-22,5.0
2024,May,23,98.594,84.25,78.506,1753.069,6.9,0.025,8.847,24.387,4.977,0.013,207.544,0.062,0.056,94.37095116709543,2024-05-23,5.0
2024,May,24,93.5,79.844,78.219,1773.623,6.9,0.025,8.899,24.894,4.864,0.013,274.267,0.063,0.251,89.49514102403212,2024-05-24,5.0
2024,May,25,102.234,87.375,78.315,1721.167,6.9,0.024,8.785,25.157,4.791,0.013,318.878,0.061,0.045,97.85504007968876,2024-05-25,5.0
2024,May,26,97.281,83.219,78.252,1652.15,6.9,0.024,8.611,29.823,4.837,0.013,287.361,0.076,0.055,93.11419052362427,2024-05-26,5.0
2024,May,27,92.688,79.313,78.269,1637.979,6.9,0.024,8.622,29.663,4.848,0.013,278.236,0.075,0.055,88.71792118968438,2024-05-27,5.0
2024,May,28,85.531,72.813,78.381,1624.879,6.9,0.024,8.752,27.067,4.822,0.013,296.219,0.07,0.045,81.8674749403903,2024-05-28,5.0
2024,May,29,10.531,8.938,75.723,1671.581,6.998,0.033,8.927,30.471,4.808,0.016,307.561,0.077,0.034,10.079928664428689,2024-05-29,5.0
2024,May,30,16.219,13.719,75.699,1691.141,6.973,0.056,8.369,33.322,4.72,0.013,381.15,0.064,0.035,15.524296173997616,2024-05-30,5.0
2024,May,31,100.969,86.25,78.916,1695.741,6.9,0.024,8.064,26.903,4.918,0.013,247.701,0.076,0.608,96.64422346583422,2024-05-31,5.0
2024,Jun,1,97.344,83.281,78.874,1676.72,6.9,0.024,8.689,24.7422,5.0056,0.0129,194.6233,0.0657,1.302,93.17449206249607,2024-06-01,6.0
2024,Jun,2,104.609,89.625,78.844,1615.057,6.9,0.025,8.532,22.596,5.001,0.013,196.91,0.057,1.467,100.12831237842755,2024-06-02,6.0
2024,Jun,3,97.75,83.563,78.622,1628.558,6.9,0.026,9.259,23.34036,5.019,0.013,190.941,0.07,1.555,93.56310197966995,2024-06-03,6.0
2024,Jun,4,104.609,89.406,79.172,1664.334,6.9,0.026,9.174,22.748,4.99,0.013,202.288,0.066,1.327,100.12831237842755,2024-06-04,6.0
2024,Jun,5,105.25,89.969,79.503,1672.865,6.9,0.025,8.268,22.809,4.977,0.013,208.637,0.067,1.073,100.74185660726612,2024-06-05,6.0
2024,Jun,6,102.828,87.906,79.569,1730.602,6.9,0.025,8.078,24.653,4.961,0.013,215.567,0.078,1.081,98.42359744619439,2024-06-06,6.0
2024,Jun,7,101.563,87.063,79.477,1710.831,6.9,0.025,7.971,27.553,4.99,0.013,201.113,0.087,1.06,97.21278083233985,2024-06-07,6.0
2024,Jun,8,101.016,86.594,79.385,1705.289,6.9,0.023,7.778,27.217,5.0,0.013,197.901,0.079,1.009,96.68921032816716,2024-06-08,6.0
2024,Jun,9,79.922,68.375,79.336,1619.348,6.902,0.032,7.074,31.698,5.038,0.013,185.263,0.078,0.873,76.49872364623204,2024-06-09,6.0
2024,Jun,10,97.141,83.313,79.581,1600.132,6.9,0.022,7.423,23.272,4.94,0.013,225.776,0.074,0.799,92.98018710390915,2024-06-10,6.0
2024,Jun,11,101.969,87.375,79.537,1659.848,6.9,0.022,7.652,25.305,4.96,0.013,215.628,0.076,0.711,97.60139074951371,2024-06-11,6.0
2024,Jun,12,97.813,83.656,80.041,1683.06,6.9,0.021,7.4,25.21,4.942,0.013,224.429,0.072,0.631,93.62340351854176,2024-06-12,6.0
2024,Jun,13,103.156,88.219,80.118,1687.702,6.9,0.021,7.519,24.14,4.924,0.013,233.4848,0.0816,0.597,98.73754831524127,2024-06-13,6.0
2024,Jun,14,97.188,83.156,79.997,1664.732,6.9,0.021,7.622,22.725,4.837,0.013,287.567,0.081,0.548,93.02517396624208,2024-06-14,6.0
2024,Jun,15,100.094,85.688,80.265,1658.84,6.9,0.022,7.54,23.125,4.797,0.013,314.454,0.073,0.486,95.80670209261467,2024-06-15,6.0
2024,Jun,16,95.219,81.531,80.229,1588.423,6.9,0.022,7.32,24.337,4.823,0.013,296.049,0.068,0.556,91.14051158467717,2024-06-16,6.0
2024,Jun,17,99.297,84.906,80.014,1598.248,6.9,0.022,7.47,22.928,4.819,0.013,299.242,0.06,0.607,95.04383976752212,2024-06-17,6.0
2024,Jun,18,105.016,89.875,80.25,1649.971,6.9,0.022,8.21,22.737,4.816,0.013,300.76,0.067,0.635,100.5178794628851,2024-06-18,6.0
2024,Jun,19,99.453,85.25,80.39,1706.279,6.9,0.022,8.301,23.365,4.804,0.013,309.541,0.069,0.6,95.19315786377612,2024-06-19,6.0
2024,Jun,20,100.672,86.219,80.861,1696.767,6.9,0.022,8.403,24.048,4.799,0.013,312.325,0.076,1.223,96.35994478258141,2024-06-20,6.0
2024,Jun,21,105.031,90.031,80.853,1647.538,6.9,0.022,8.006,22.466,4.769,0.013,336.236,0.069,1.88,100.53223697214031,2024-06-21,6.0
2024,Jun,22,104.094,89.125,81.267,1610.531,6.9,0.021,7.645,23.34,4.778,0.013,328.128,0.071,1.587,99.63537122733263,2024-06-22,6.0
2024,Jun,23,99.125,84.938,81.6,1532.733,6.9,0.021,7.689,21.72,4.783,0.013,324.731,0.074,1.432,94.87920699472924,2024-06-23,6.0
2024,Jun,24,99.031,84.813,81.88,1515.435,6.9,0.022,7.758,21.537,4.783,0.013,324.446,0.049,1.255,94.78923327006338,2024-06-24,6.0
2024,Jun,25,104.563,89.531,82.045,1578.237,6.9,0.02,7.242,22.943,4.75,0.013,348.954,0.057,1.184,100.08428268337832,2024-06-25,6.0
2024,Jun,26,99.078,84.844,82.004,1606.723,6.9,0.02,6.809,23.257,4.74,0.013,357.741,0.06,2.342,94.83422013239633,2024-06-26,6.0
2024,Jun,27,96.578,82.75,82.091,1620.077,6.9,0.02,7.051,23.763,4.734,0.013,363.56,0.062,0.951,92.44130192319759,2024-06-27,6.0
2024,Jun,28,100.781,86.375,82.035,1683.769,6.9,0.02,7.029,24.487,5.166,0.014,189.829,0.065,0.004,96.46427601650248,2024-06-28,6.0
2024,Jun,29,101.797,87.25,82.032,1700.077,6.9,0.019,6.877,25.292,5.471,0.015,66.375,0.066,0.0,97.43675797672083,2024-06-29,6.0
2024,Jun,30,101.797,87.281,81.788,1657.076,6.9,0.02,6.736,25.242,5.456,0.015,68.77,0.059,-0.001,97.43675797672083,2024-06-30,6.0
2024,Jul,1,100.859,86.438,81.886,1626.542,6.9,0.02,6.894,24.0442,5.4859,0.0151,64.2099,0.0528,0.0,96.53893506462948,2024-07-01,7.0
2024,Jul,2,104.219,89.188,81.99,1690.742,6.9,0.02,7.276,24.684,5.464,0.015,67.68,0.062,0.0,99.75501713779256,2024-07-02,7.0
2024,Jul,3,99.141,85.0,82.044,1701.415,6.9,0.02,7.673,23.931,5.484,0.015,64.46,0.064,0.0,94.89452167126812,2024-07-03,7.0
2024,Jul,4,100.063,85.75,82.035,1733.82,6.9,0.02,8.114,24.691,5.481,0.015,64.875,0.061,0.0,95.77702990682062,2024-07-04,7.0
2024,Jul,5,95.891,82.188,82.089,1655.973,6.9,0.02,7.162,24.522,5.107,0.015,181.02,0.056,0.0,91.78372799930979,2024-07-05,7.0
2024,Jul,6,99.469,85.25,82.335,1610.102,6.9,0.02,7.014,24.28,4.909,0.015,242.337,0.059,-0.003,95.20847254031499,2024-07-06,7.0
2024,Jul,7,101.531,86.969,82.493,1577.183,6.9,0.021,6.968,24.413,4.925,0.015,234.433,0.051,0.0,97.1821514792621,2024-07-07,7.0
2024,Jul,8,82.063,70.281,82.78,1555.221,6.9,0.02,7.078,22.589,4.909,0.015,242.916,0.056,0.0,78.54801880058983,2024-07-08,7.0
2024,Jul,9,68.969,59.219,83.381,1627.694,6.9,0.024,7.889,24.681,4.945,0.015,223.867,0.074,-0.004,66.0148703880906,2024-07-09,7.0
2024,Jul,10,96.25,82.406,83.166,1703.351,6.9,0.023,7.719,26.528,4.929,0.015,231.462,0.048,0.001,92.12735105415072,2024-07-10,7.0
2024,Jul,11,105.094,90.0,83.114,1693.61,6.9,0.021,7.596,25.989,4.905,0.015,244.72,0.057,0.0,100.59253851101211,2024-07-11,7.0
2024,Jul,12,105.172,90.0,82.64,1728.694,6.9,0.021,7.74,26.008,4.943,0.015,225.956,0.067,0.0,100.66719755913911,2024-07-12,7.0
2024,Jul,13,100.344,85.688,82.989,1734.218,6.9,0.022,7.92,29.029,5.036,0.015,185.861,0.069,0.022,96.04599391353453,2024-07-13,7.0
2024,Jul,14,103.016,87.969,82.888,1656.029,6.9,0.023,7.612,28.071,5.046,0.015,176.414,0.055,0.011,98.60354489552614,2024-07-14,7.0
2024,Jul,15,99.047,84.781,82.962,1611.853,6.9,0.022,7.6,25.775,4.995,0.015,199.563,0.05,-0.001,94.80454794660224,2024-07-15,7.0
2024,Jul,16,94.344,81.0,83.262,1680.232,6.9,0.023,8.077,29.151,5.004,0.015,194.717,0.056,0.0,90.3029902114576,2024-07-16,7.0
2024,Jul,17,94.625,81.188,83.205,1703.119,6.9,0.022,7.907,28.425,4.985,0.015,203.287,0.055,0.0,90.57195421817156,2024-07-17,7.0
2024,Jul,18,103.438,88.469,83.324,1728.093,6.9,0.023,7.809,27.623,4.98,0.015,206.025,0.056,0.0,99.00746948923889,2024-07-18,7.0
2024,Jul,19,104.031,89.031,83.374,1750.709,6.9,0.024,7.576,30.393,5.308,0.016,114.78,0.051,0.002,99.57506968846081,2024-07-19,7.0
2024,Jul,20,104.969,89.75,83.262,1710.908,6.9,0.024,7.52,29.61,5.456,0.016,68.847,0.05,0.003,100.47289260055217,2024-07-20,7.0
2024,Jul,21,103.031,88.313,83.238,1660.375,6.9,0.023,7.244,32.056,5.467,0.016,67.2,0.051,0.001,98.61790240478133,2024-07-21,7.0
2024,Jul,22,104.891,89.969,83.468,1654.542,6.9,0.023,7.543,31.802,5.461,0.016,68.056,0.049,0.002,100.39823355242518,2024-07-22,7.0
2024,Jul,23,104.125,89.25,83.641,1715.623,6.9,0.022,7.59,31.51,5.402,0.017,78.103,0.057,0.292,99.66504341312668,2024-07-23,7.0
2024,Jul,24,95.078,81.5,83.801,1739.889,6.9,0.022,7.553,31.74,5.402,0.017,78.108,0.062,0.538,91.00555099767837,2024-07-24,7.0
2024,Jul,25,100.313,86.031,83.774,1740.976,6.9,0.022,7.508,32.671,5.462,0.017,68.01,0.058,0.504,96.01632172774049,2024-07-25,7.0
2024,Jul,26,101.281,86.906,83.529,1751.653,6.9,0.021,7.565,30.343,5.051,0.017,201.621,0.062,0.449,96.94285965834223,2024-07-26,7.0
2024,Jul,27,101.922,87.438,83.439,1716.4,6.9,0.021,7.45,28.655,4.867,0.017,266.975,0.056,0.487,97.55640388718076,2024-07-27,7.0
2024,Jul,28,100.313,86.063,83.207,1666.016,6.9,0.021,7.509,27.51,4.857,0.017,273.332,0.056,0.467,96.01632172774049,2024-07-28,7.0
2024,Jul,29,96.953,83.188,83.15,1641.825,6.9,0.021,7.099,27.974,4.865,0.017,268.337,0.055,0.418,92.80023965457741,2024-07-29,7.0
2024,Jul,30,103.563,88.844,83.237,1698.958,6.9,0.021,6.722,27.36,4.834,0.017,287.477,0.065,0.359,99.12711539969882,2024-07-30,7.0
2024,Jul,31,99.891,85.75,83.22,1720.847,6.9,0.021,6.723,27.601,4.828,0.017,291.883,0.077,0.37,95.61239713402774,2024-07-31,7.0
2024,Aug,1,99.797,85.563,83.145,1730.548,6.908,0.021,6.814,27.2043,5.1952,0.0171,164.7583,0.0678,0.385,95.52242340936185,2024-08-01,8.0
2024,Aug,2,103.844,89.063,83.0,1747.491,6.9,0.021,6.669,27.789,5.435,0.016,77.595,0.065,0.364,99.39607940641275,2024-08-02,8.0
2024,Aug,3,104.234,89.375,83.849,1703.205,6.9,0.022,7.119,27.321,5.422,0.014,74.373,0.057,0.382,99.76937464704774,2024-08-03,8.0
2024,Aug,4,97.156,83.406,83.707,1633.913,6.9,0.02,7.364,26.874,5.427,0.014,73.524,0.056,0.343,92.99454461316434,2024-08-04,8.0
2024,Aug,5,103.703,88.875,83.838,1627.915,6.9,0.021,7.403,27.007,5.427,0.014,73.534,0.058,0.336,99.26111881941395,2024-08-05,8.0
2024,Aug,6,99.984,85.719,83.903,1683.045,6.9,0.021,7.52,28.387,5.438,0.014,71.656,0.055,0.358,95.70141369140991,2024-08-06,8.0
2024,Aug,7,104.578,89.563,84.061,1704.993,6.9,0.021,7.511,27.608,5.417,0.017,75.294,0.058,0.354,100.0986401926335,2024-08-07,8.0
2024,Aug,8,103.891,89.063,83.856,1684.708,6.9,0.021,7.714,27.821,5.431,0.015,72.935,0.059,0.399,99.4410662687457,2024-08-08,8.0
2024,Aug,9,104.922,89.969,83.809,1676.756,6.9,0.021,7.32,28.832,5.375,0.014,83.374,0.055,0.171,100.42790573821924,2024-08-09,8.0
2024,Aug,10,106.844,91.563,83.93,1619.977,6.9,0.022,7.372,28.079,5.349,0.014,88.116,0.052,0.148,102.26758125745121,2024-08-10,8.0
2024,Aug,11,108.875,93.219,84.146,1557.919,6.9,0.024,7.392,27.532,5.388,0.014,80.684,0.044,0.183,104.21158801060425,2024-08-11,8.0
2024,Aug,12,110.969,95.031,84.091,1534.148,6.9,0.024,7.452,26.447,5.417,0.014,75.39,0.048,0.174,106.2158963026291,2024-08-12,8.0
2024,Aug,13,111.031,95.0,84.074,1588.085,6.9,0.023,7.718,26.851,5.409,0.014,76.88,0.058,0.194,106.27524067421724,2024-08-13,8.0
2024,Aug,14,111.094,94.969,84.203,1674.716,6.9,0.024,7.83,28.923,5.387,0.014,80.686,0.059,0.191,106.33554221308904,2024-08-14,8.0
2024,Aug,15,110.594,94.531,84.341,1650.836,6.9,0.026,7.335,27.81,5.362,0.014,85.434,0.057,0.173,105.8569585712493,2024-08-15,8.0
2024,Aug,16,111.094,95.0,84.325,1647.924,6.9,0.024,7.3,27.215,5.454,0.014,70.348,0.063,0.117,106.33554221308904,2024-08-16,8.0
2024,Aug,17,115.031,98.281,84.183,1616.03,6.9,0.023,7.725,26.872,5.513,0.014,60.413,0.06,0.079,110.10390980893519,2024-08-17,8.0
2024,Aug,18,115.25,98.563,84.36,1581.491,6.9,0.024,7.667,26.689,5.531,0.014,57.958,0.051,0.083,110.31352944406099,2024-08-18,8.0
2024,Aug,19,114.25,97.719,84.52,1575.123,6.9,0.024,7.843,26.367,5.523,0.014,58.99,0.053,0.082,109.35636216038151,2024-08-19,8.0
2024,Aug,20,90.234,77.031,84.74,1624.492,6.888,0.073,6.905,33.501,5.546,0.074,57.573,0.07,0.076,86.36903267553491,2024-08-20,8.0
2024,Aug,21,115.141,98.531,84.805,1649.032,6.9,0.023,7.631,29.099,5.486,0.014,64.233,0.058,0.082,110.20919821013993,2024-08-21,8.0
2024,Aug,22,111.016,95.0,84.553,1657.568,6.9,0.023,7.824,27.693,5.465,0.014,67.509,0.055,0.082,106.26088316496204,2024-08-22,8.0
2024,Aug,23,108.031,92.375,84.243,1674.092,6.9,0.022,7.778,27.528,5.272,0.014,111.894,0.058,0.058,103.40373882317877,2024-08-23,8.0
2024,Aug,24,108.984,93.219,83.911,1672.099,6.9,0.022,7.801,27.564,5.135,0.014,144.151,0.059,0.053,104.3159192445253,2024-08-24,8.0
2024,Aug,25,109.266,93.5,83.946,1603.797,6.9,0.022,7.887,27.075,5.161,0.014,135.931,0.054,0.05,104.58584041852293,2024-08-25,8.0
2024,Aug,26,107.828,92.281,84.195,1579.531,6.9,0.023,7.954,26.625,5.163,0.014,135.376,0.051,0.05,103.20943386459183,2024-08-26,8.0
2024,Aug,27,107.172,91.844,84.231,1668.01,6.9,0.024,8.207,27.434,5.161,0.014,135.94,0.058,0.048,102.58153212649809,2024-08-27,8.0
2024,Aug,28,109.047,93.313,84.205,1658.796,6.9,0.024,7.317,27.229,5.14,0.014,142.774,0.055,0.048,104.37622078339713,2024-08-28,8.0
2024,Aug,29,105.641,90.375,84.087,1687.394,6.9,0.024,6.901,27.695,5.121,0.014,148.932,0.055,0.045,101.1161090151848,2024-08-29,8.0
2024,Aug,30,104.891,89.875,83.481,1717.15,6.9,0.023,6.93,28.377,5.301,0.014,110.176,0.06,0.088,100.39823355242518,2024-08-30,8.0
2024,Aug,31,107.047,91.656,83.617,1650.092,6.9,0.024,7.038,27.294,5.482,0.014,64.939,0.052,0.11,102.46188621603815,2024-08-31,8.0
2024,Sep,1,110.484,94.438,83.921,1573.411,6.9,0.023,7.373,26.2896,5.479,0.0137,65.6927,0.05,0.118,105.75167017004455,2024-09-01,9.0
2024,Sep,2,106.031,90.781,83.993,1559.926,6.9,0.023,7.787,26.403,5.478,0.014,65.701,0.05,0.098,101.48940425581979,2024-09-02,9.0
2024,Sep,3,111.641,95.438,84.252,1574.7,6.9,0.023,7.907,25.651,5.469,0.014,67.008,0.051,0.099,106.85911271726172,2024-09-03,9.0
2024,Sep,4,108.547,92.813,84.559,1646.744,6.9,0.023,7.74,26.697,5.454,0.014,69.267,0.06,0.095,103.89763714155738,2024-09-04,9.0
2024,Sep,5,108.938,93.125,84.905,1677.254,6.9,0.023,7.889,27.289,5.459,0.014,68.358,0.062,0.101,104.27188954947606,2024-09-05,9.0
2024,Sep,6,112.813,96.531,85.291,1676.648,6.9,0.022,7.756,27.308,5.454,0.014,69.379,0.061,0.107,107.98091277373408,2024-09-06,9.0
2024,Sep,7,109.766,93.938,85.272,1637.258,6.9,0.022,7.658,27.269,5.442,0.014,71.105,0.06,0.099,105.0644240603627,2024-09-07,9.0
2024,Sep,8,110.672,94.688,85.321,1594.245,6.9,0.022,7.58,26.869,5.439,0.014,71.652,0.052,0.116,105.93161761937628,2024-09-08,9.0
2024,Sep,9,111.828,95.563,85.233,1600.52,6.9,0.024,7.932,27.244,5.459,0.014,68.871,0.048,0.146,107.03810299930979,2024-09-09,9.0
2024,Sep,10,109.828,94.0,84.92,1665.726,6.9,0.024,8.284,28.29,5.468,0.014,67.237,0.053,0.163,105.12376843195081,2024-09-10,9.0
2024,Sep,11,115.109,98.344,84.338,1681.151,6.9,0.025,7.896,28.36,5.465,0.014,67.761,0.053,0.164,110.17856885706217,2024-09-11,9.0
2024,Sep,12,106.844,91.406,84.148,1682.651,6.9,0.026,7.427,28.127,5.464,0.014,67.762,0.055,0.136,102.26758125745121,2024-09-12,9.0
2024,Sep,13,113.828,97.188,83.818,1698.81,6.9,0.024,7.243,27.963,5.442,0.014,71.357,0.056,0.349,108.95243756666876,2024-09-13,9.0
2024,Sep,14,109.984,93.938,83.608,1677.558,6.9,0.024,7.879,27.596,5.446,0.014,70.443,0.055,0.7,105.2730865282048,2024-09-14,9.0
2024,Sep,15,109.734,93.719,83.449,1589.441,6.9,0.024,7.627,26.685,5.45,0.014,70.056,0.046,0.912,105.03379470728494,2024-09-15,9.0
2024,Sep,16,113.688,97.188,83.32,1563.993,6.9,0.024,7.97,26.302,5.467,0.014,67.634,0.046,0.923,108.81843414695363,2024-09-16,9.0
2024,Sep,17,111.938,95.781,83.135,1623.659,6.9,0.024,8.362,26.731,5.475,0.014,66.396,0.053,0.751,107.14339140051453,2024-09-17,9.0
2024,Sep,18,102.922,88.25,83.149,1669.168,6.9,0.024,8.034,27.215,5.474,0.014,66.212,0.051,0.889,98.51357117086026,2024-09-18,9.0
2024,Sep,19,107.813,92.313,83.174,1699.417,6.9,0.023,7.897,26.777,5.455,0.014,69.327,0.052,0.612,103.19507635533664,2024-09-19,9.0
2024,Sep,20,109.469,93.656,83.193,1692.536,6.9,0.023,8.018,26.751,5.515,0.014,60.671,0.054,0.577,104.78014537710986,2024-09-20,9.0
2024,Sep,21,107.203,91.75,82.881,1672.491,6.9,0.023,7.444,26.68,5.545,0.014,56.262,0.053,0.659,102.61120431229214,2024-09-21,9.0
2024,Sep,22,109.547,93.563,83.061,1572.561,6.9,0.023,7.338,25.791,5.562,0.02,54.283,0.049,0.873,104.85480442523686,2024-09-22,9.0
2024,Sep,23,111.469,95.344,82.93,1565.632,6.9,0.023,7.927,25.532,5.57,0.046,53.328,0.049,0.955,106.69447994446884,2024-09-23,9.0
2024,Sep,24,92.922,79.594,82.7,1633.94,6.89,0.024,8.298,28.382,5.562,0.053,54.24,0.057,0.77,88.94189833406537,2024-09-24,9.0
2024,Sep,25,112.953,96.719,82.491,1686.933,6.9,0.023,7.363,27.298,5.491,0.033,63.697,0.054,0.752,108.11491619344922,2024-09-25,9.0
2024,Sep,26,105.078,90.031,82.551,1714.145,6.9,0.023,7.633,27.555,5.428,0.019,73.506,0.055,0.759,100.57722383447324,2024-09-26,9.0
2024,Sep,27,109.516,93.563,82.364,1674.324,6.9,0.022,7.642,26.658,5.394,0.014,79.466,0.056,0.344,104.82513223944281,2024-09-27,9.0
2024,Sep,28,111.672,95.375,82.312,1609.554,6.9,0.021,7.757,25.84,5.42,0.014,74.86,0.055,0.102,106.88878490305578,2024-09-28,9.0
2024,Sep,29,109.703,93.813,82.229,1577.962,6.9,0.022,7.909,25.683,5.443,0.014,71.048,0.053,0.1,105.00412252149087,2024-09-29,9.0
2024,Sep,30,106.781,91.313,82.293,1565.042,6.9,0.022,8.056,25.667,5.426,0.014,73.915,0.051,0.118,102.20727971857941,2024-09-30,9.0
2024,Oct,1,108.328,92.625,82.62,1664.0,6.9,0.022,8.05,27.0,5.45,0.01,70.39,0.05,0.12,103.68801750643158,2024-10-01,10.0
2024,Oct,2,104.359,89.313,82.87,1649.0,6.9,0.022,7.9669,26.69,5.408,0.014,77.209,0.054,0.09,99.88902055750768,2024-10-02,10.0
2024,Oct,3,105.156,89.969,82.461,1665.876,6.9,0.021,7.725,26.332,5.385,0.014,81.066,0.058,0.076,100.65188288260025,2024-10-03,10.0
2024,Oct,4,108.391,92.531,82.566,1650.468,6.9,0.02,7.53,25.595,5.215,0.014,124.267,0.066,0.042,103.74831904530339,2024-10-04,10.0
2024,Oct,5,106.719,91.25,82.493,1616.295,6.9,0.021,7.945,26.049,5.145,0.014,141.144,0.074,0.011,102.14793534699128,2024-10-05,10.0
2024,Oct,6,105.578,90.156,82.329,1551.989,6.9,0.022,7.877,25.833,5.172,0.014,132.609,0.058,0.016,101.05580747631298,2024-10-06,10.0
2024,Oct,7,99.328,84.875,82.455,1542.082,6.9,0.022,7.906,25.466,5.179,0.014,130.469,0.054,0.017,95.07351195331618,2024-10-07,10.0
2024,Oct,8,110.031,94.031,82.449,1606.698,6.9,0.022,7.803,26.315,5.164,0.014,134.774,0.059,0.02,105.31807339053775,2024-10-08,10.0
2024,Oct,9,109.203,93.281,82.265,1623.507,6.9,0.022,7.623,26.072,5.1866,0.014,128.603,0.053,0.017,104.52553887965112,2024-10-09,10.0
2024,Oct,10,111.109,95.0,82.27,1664.414,6.9,0.022,6.833,25.964,5.203,0.014,123.399,0.052,0.017,106.34989972234422,2024-10-10,10.0
2024,Oct,11,110.563,94.469,82.2,1639.702,6.9,0.021,6.39,26.006,5.243,0.014,112.824,0.055,0.165,105.82728638545522,2024-10-11,10.0
2024,Oct,12,110.5,94.438,81.971,1633.313,6.9,0.021,7.043,26.193,5.269,0.014,106.024,0.059,0.404,105.76698484658343,2024-10-12,10.0
2024,Oct,13,108.859,93.0,81.939,1557.863,6.9,0.021,7.51,25.956,5.305,0.014,97.721,0.049,0.52,104.19627333406537,2024-10-13,10.0
2024,Oct,14,108.688,92.813,81.908,1555.043,6.9,0.022,7.793,25.87,5.322,0.014,94.087,0.048,0.573,104.03259772855618,2024-10-14,10.0
2024,Oct,15,104.766,89.625,81.695,1623.075,6.9,0.023,7.902,26.964,5.337,0.014,90.943,0.06,0.51,100.27858764196525,2024-10-15,10.0
2024,Oct,16,108.469,92.656,81.695,1638.418,6.9,0.023,7.534,26.947,5.312,0.014,90.943,0.052,0.458,103.82297809343038,2024-10-16,10.0
2024,Oct,17,109.891,94.0,81.809,1674.548,6.9,0.022,7.413,27.246,5.277,0.014,103.88,0.052,0.441,105.18406997082262,2024-10-17,10.0
2024,Oct,18,109.906,93.969,81.507,1652.483,6.9,0.022,6.792,27.033,5.232,0.014,115.148,0.051,0.431,105.19842748007781,2024-10-18,10.0
2024,Oct,19,108.547,92.969,81.204,1632.308,6.9,0.023,6.531,26.802,5.243,0.014,112.416,0.047,0.451,103.89763714155738,2024-10-19,10.0
2024,Oct,20,107.516,92.0,81.192,1570.678,6.9,0.023,6.671,26.406,5.264,0.014,107.503,0.043,0.412,102.91079767208385,2024-10-20,10.0
2024,Oct,21,108.656,92.906,81.24,1574.345,6.9,0.024,7.671,26.731,5.293,0.014,100.797,0.044,0.494,104.00196837547846,2024-10-21,10.0
2024,Oct,22,111.172,94.938,81.426,1613.043,6.9,0.025,8.231,27.394,5.29,0.014,101.737,0.047,0.73,106.41020126121605,2024-10-22,10.0
2024,Oct,23,112.141,95.781,81.554,1618.461,6.9,0.026,7.654,28.152,5.29,0.013,101.13,0.052,0.84,107.33769635910147,2024-10-23,10.0
2024,Oct,24,114.969,98.156,81.554,1628.247,6.9,0.027,7.185,28.39,5.253,0.013,109.839,0.046,0.682,110.04456543734706,2024-10-24,10.0
2024,Oct,25,113.516,96.969,81.377,1640.01,6.899,0.025,6.907,26.397,5.337,0.012,92.504,0.05,0.996,108.65380137416076,2024-10-25,10.0
2024,Oct,26,111.063,94.906,81.292,1657.263,6.9,0.024,6.717,26.247,5.408,0.012,77.251,0.051,1.248,106.30587002729497,2024-10-26,10.0
2024,Oct,27,107.969,92.219,81.289,1596.953,6.9,0.024,6.731,26.065,5.423,0.012,74.366,0.048,1.24,103.34439445159063,2024-10-27,10.0
2024,Oct,28,110.891,94.656,81.115,1583.554,6.901,0.023,7.499,25.659,5.371,0.012,83.921,0.051,1.288,106.1412372545021,2024-10-28,10.0
2024,Oct,29,111.438,95.063,80.816,1640.979,6.9,0.023,8.039,27.399,5.358,0.012,86.605,0.056,1.2,106.6648077586748,2024-10-29,10.0
2024,Oct,30,111.313,94.844,80.676,1668.152,6.9,0.023,7.71,28.691,5.341,0.012,89.874,0.05,1.126,106.54516184821485,2024-10-30,10.0
2024,Oct,31,108.188,92.156,80.442,1688.727,6.9,0.023,7.711,29.47,5.357,0.012,86.631,0.061,1.074,103.55401408671645,2024-10-31,10.0
2024,Nov,1,107.313,91.281,80.16,1718.74,6.9,0.02,7.79,29.0,5.45,0.01,72.13,0.06,1.07,102.7164927134969,2024-11-01,11.0
2024,Nov,2,115.391,98.031,80.245,1657.16,6.9,0.023,8.131,29.621,5.511,0.0131,60.902,0.062,1.15,110.4484900310598,2024-11-02,11.0
2024,Nov,3,115.797,98.438,80.293,1586.095,6.9,0.023,8.291,29.134,5.538,0.013,60.902,0.051,1.225,110.83709994823367,2024-11-03,11.0
2024,Nov,4,100.016,84.906,80.159,1575.855,6.9,0.023,8.321,28.957,5.539,0.013,57.175,0.055,1.28,95.73204304448767,2024-11-04,11.0
2024,Nov,5,6.375,5.313,74.559,1639.641,6.716,0.058,4.081,40.133,5.857,0.018,29.612,0.072,6.182,6.1019414334567355,2024-11-05,11.0
2024,Nov,6,10.734,9.281,73.798,1674.896,6.773,0.06,8.011,53.287,5.67,0.027,42.905,0.083,6.475,10.274233623015624,2024-11-06,11.0
2024,Nov,7,53.688,45.719,79.281,1722.059,6.875,0.032,7.378,39.531,5.579,0.015,53.027,0.105,1.011,51.38839712618435,2024-11-07,11.0
2024,Nov,8,123.219,104.875,79.306,1673.007,6.9,0.023,7.772,29.916,5.373,0.012,84.609,0.06,0.542,117.94119552770282,2024-11-08,11.0
2024,Nov,9,122.0,103.844,79.161,1622.413,6.9,0.024,8.209,28.48,5.333,0.013,91.722,0.058,0.437,116.77440860889753,2024-11-09,11.0
2024,Nov,10,121.75,103.625,79.338,1522.697,6.9,0.023,8.094,27.216,5.323,0.012,93.612,0.053,0.42,116.53511678797767,2024-11-10,11.0
2024,Nov,11,121.5,103.375,79.279,1514.415,6.9,0.024,8.168,27.944,5.324,0.013,93.476,0.051,0.368,116.2958249670578,2024-11-11,11.0
2024,Nov,12,124.813,106.031,79.483,1567.115,6.9,0.024,8.591,27.525,5.321,0.012,94.357,0.054,0.437,119.46692017788793,2024-11-12,11.0
2024,Nov,13,128.734,109.313,79.288,1823.08,6.9,0.025,8.216,31.665,5.335,0.012,91.407,0.054,0.417,123.21997309719522,2024-11-13,11.0
2024,Nov,14,135.563,115.0,78.823,2222.134,6.9,0.025,7.245,37.497,5.34,0.012,89.773,0.054,0.512,129.7564684774424,2024-11-14,11.0
2024,Nov,15,135.609,115.0,78.414,2215.316,6.9,0.025,6.618,36.309,5.34,0.012,89.918,0.052,1.014,129.8004981724917,2024-11-15,11.0
2024,Nov,16,135.391,114.844,78.211,2167.068,6.9,0.025,6.819,36.531,5.342,0.012,89.48,0.049,1.592,129.59183570464953,2024-11-16,11.0
2024,Nov,17,135.469,115.031,78.063,2093.234,6.9,0.024,7.004,34.951,5.342,0.012,89.657,0.046,1.697,129.66649475277657,2024-11-17,11.0
2024,Nov,18,135.438,114.969,78.022,2066.851,6.9,0.024,7.664,34.301,5.352,0.012,87.475,0.045,1.732,129.6368225669825,2024-11-18,11.0
2024,Nov,19,135.453,115.031,78.234,2178.908,6.9,0.024,7.648,35.919,5.347,0.012,88.697,0.049,1.717,129.6511800762377,2024-11-19,11.0
2024,Nov,20,138.469,117.625,78.379,2251.976,6.9,0.024,7.526,36.531,5.328,0.012,92.645,0.049,1.622,132.537996603815,2024-11-20,11.0
2024,Nov,21,141.797,120.719,78.098,2190.331,6.9,0.024,7.715,35.908,5.353,0.012,87.415,0.051,1.682,135.72344932390038,2024-11-21,11.0
2024,Nov,22,141.125,119.969,77.926,2122.521,6.9,0.026,7.665,34.656,5.507,0.012,65.622,0.05,1.724,135.08023290926775,2024-11-22,11.0
2024,Nov,23,139.563,118.563,78.062,2105.104,6.9,0.027,7.677,34.771,5.651,0.013,44.064,0.049,1.551,133.58513761216037,2024-11-23,11.0
2024,Nov,24,140.328,119.344,77.973,2035.826,6.9,0.027,7.682,34.416,5.667,0.013,42.329,0.046,1.81,134.3173705841752,2024-11-24,11.0
2024,Nov,25,141.094,119.938,78.112,2019.287,6.9,0.027,7.739,33.864,5.661,0.013,42.83,0.046,1.641,135.0505607234737,2024-11-25,11.0
2024,Nov,26,141.125,119.969,78.284,2082.617,6.9,0.027,7.943,34.585,5.655,0.013,43.525,0.052,1.542,135.08023290926775,2024-11-26,11.0
2024,Nov,27,141.109,120.0,78.568,2120.991,6.9,0.027,8.045,35.263,5.322,0.013,105.307,0.054,1.832,135.06491823272887,2024-11-27,11.0
2024,Nov,28,139.438,118.594,78.748,2105.198,6.9,0.027,7.794,34.685,5.148,0.013,140.319,0.05,1.719,133.46549170170042,2024-11-28,11.0
2024,Nov,29,133.328,113.344,78.302,2055.683,6.9,0.026,7.328,34.493,5.154,0.013,138.577,0.045,1.87,127.61719959841878,2024-11-29,11.0
2024,Nov,30,137.516,116.906,77.857,2220.384,6.9,0.026,7.307,36.419,5.16,0.013,136.348,0.043,1.819,131.62581618246844,2024-11-30,11.0
2024,Dec,1,137.766,117.031,77.878,2166.521,6.9,0.026,7.384,34.992,5.149,0.013,139.623,0.043,1.876,131.86510800338831,2024-12-01,12.0
2024,Dec,2,138.844,118.125,77.712,2155.996,6.9,0.026,7.473,34.517,5.144,0.013,141.19,0.044,1.747,132.89693433519483,2024-12-02,12.0
2024,Dec,3,141.031,119.938,77.746,2244.623,6.9,0.026,7.49,35.884,5.133,0.013,144.679,0.048,1.705,134.99025918460185,2024-12-03,12.0
2024,Dec,4,137.281,116.688,77.72,2242.234,6.9,0.026,7.33,36.359,5.123,0.013,148.278,0.047,1.71,131.4008818708038,2024-12-04,12.0
2024,Dec,5,140.938,119.969,77.463,2209.771,6.9,0.026,6.923,35.967,5.132,0.013,145.065,0.049,1.853,134.90124262721966,2024-12-05,12.0
2024,Dec,6,140.563,119.625,77.365,2253.892,6.9,0.024,7.135,35.204,5.295,0.013,105.967,0.05,1.916,134.54230489583986,2024-12-06,12.0
2024,Dec,7,139.016,118.188,77.689,2248.17,6.9,0.025,7.503,33.921,5.41,0.014,76.759,0.049,1.776,133.0615671079877,2024-12-07,12.0
2024,Dec,8,140.859,119.781,77.353,2167.046,6.9,0.024,7.494,32.865,5.411,0.014,76.619,0.044,2.016,134.82562641180903,2024-12-08,12.0
2024,Dec,9,141.188,119.906,77.344,2140.642,6.9,0.024,7.532,32.045,5.423,0.014,74.399,0.043,1.992,135.14053444813953,2024-12-09,12.0
2024,Dec,10,141.172,119.969,77.247,2250.125,6.9,0.025,6.887,33.12,5.428,0.014,73.439,0.045,1.876,135.12521977160068,2024-12-10,12.0
2024,Dec,11,141.203,120.0,76.834,2273.92,6.9,0.025,6.831,33.63,5.414,0.014,75.909,0.047,2.243,135.15489195739474,2024-12-11,12.0
2024,Dec,12,140.391,119.281,76.712,2241.934,6.9,0.025,6.792,32.966,5.406,0.014,77.425,0.046,2.048,134.377672123047,2024-12-12,12.0
2024,Dec,13,141.156,120.0,76.918,2226.185,6.9,0.025,6.702,33.295,5.467,0.014,67.652,0.044,2.619,135.1099050950618,2024-12-13,12.0
2024,Dec,14,141.188,120.0,76.834,2274.439,6.9,0.025,6.576,34.404,5.514,0.014,60.259,0.043,3.051,135.14053444813953,2024-12-14,12.0
2024,Dec,15,141.188,120.0,76.807,2156.45,6.9,0.024,6.701,32.784,5.518,0.014,59.923,0.041,3.01,135.14053444813953,2024-12-15,12.0
2024,Dec,16,141.031,119.875,76.715,2160.3,6.9,0.025,6.742,32.579,5.521,0.014,59.358,0.042,3.215,134.99025918460185,2024-12-16,12.0
2024,Dec,17,141.125,120.0,76.756,2387.589,6.9,0.025,6.613,35.408,5.518,0.014,59.608,0.046,2.877,135.08023290926775,2024-12-17,12.0
2024,Dec,18,141.063,119.906,77.196,2370.475,6.9,0.025,6.525,35.346,5.525,0.014,58.633,0.045,2.575,135.02088853767958,2024-12-18,12.0
2024,Dec,19,136.5,116.063,77.244,2144.695,6.9,0.026,7.465,32.673,5.502,0.014,61.948,0.049,2.855,130.6533342222501,2024-12-19,12.0
2024,Dec,20,141.109,120.0,76.923,2280.002,6.9,0.026,7.069,34.937,5.644,0.014,46.183,0.051,1.436,135.06491823272887,2024-12-20,12.0
2024,Dec,21,136.5,116.063,76.688,2236.464,6.9,0.027,6.832,34.148,5.714,0.014,38.064,0.046,0.14,130.6533342222501,2024-12-21,12.0
2024,Dec,22,138.891,118.063,76.457,2148.004,6.9,0.027,6.796,32.841,5.723,0.014,37.325,0.043,0.147,132.94192119752776,2024-12-22,12.0
2024,Dec,23,137.094,116.563,76.882,2220.787,6.9,0.027,6.784,34.241,5.729,0.014,36.781,0.043,0.141,131.22189158875574,2024-12-23,12.0
2024,Dec,24,134.328,114.188,76.393,2195.895,6.9,0.027,6.841,33.88,5.723,0.014,37.201,0.044,0.146,128.57436688209827,2024-12-24,12.0
2024,Dec,25,134.188,114.063,76.44,2115.41,6.9,0.026,6.54,32.721,5.725,0.014,37.106,0.042,0.143,128.44036346238312,2024-12-25,12.0
2024,Dec,26,133.047,113.188,76.155,2216.597,6.9,0.027,6.637,34.889,5.744,0.014,35.526,0.041,0.15,127.34823559170485,2024-12-26,12.0
2024,Dec,27,135.188,114.969,76.342,2194.826,6.9,0.027,7.141,33.438,5.45,0.014,80.692,0.048,2.925,129.3975307460626,2024-12-27,12.0
2024,Dec,28,135.094,114.906,76.386,2208.569,6.9,0.027,7.741,33.711,5.261,0.014,108.127,0.041,5.59,129.30755702139675,2024-12-28,12.0
2024,Dec,29,134.922,114.906,76.22,2180.257,6.9,0.027,7.209,33.383,5.254,0.014,109.475,0.034,4.613,129.1429242486039,2024-12-29,12.0
2024,Dec,30,135.25,115.031,76.019,2261.508,6.9,0.027,7.327,34.168,5.267,0.014,106.458,0.033,3.87,129.45687511765075,2024-12-30,12.0
2024,Dec,31,130.172,110.719,75.721,2246.795,6.9,0.027,7.202,35.085,5.251,0.014,110.55,0.034,4.046,124.5963796511263,2024-12-31,12.0
2021,Feb,29,108.922,92.594,76.378,1752.0,6.9,0.144,8.353,33.0,5.486,0.062,64.234,0.046,,,,
